Symbol,Name,Latest,Change,%Change,Open,High,Low,Volume,Time
NVDA,Nvidia Corp,188.85,2.35,1.26%,189.84,192.93,188.26,148240406,2026/1/2
INTC,Intel Corp,39.38,2.48,6.72%,37.77,39.86,37.76,95396406,2026/1/2
TSLA,Tesla Inc,438.07,-11.65,-2.59%,457.8,458.34,435.3,85535398,2026/1/2
PLTR,Palantir Technologies Inc Cl A,167.86,-9.89,-5.56%,181.3,181.35,166.35,60634000,2026/1/2
SOFI,Sofi Technologies Inc,27.46,1.28,4.89%,26.66,27.5,25.79,55065496,2026/1/2
AMZN,Amazon.com Inc,226.5,-4.32,-1.87%,231.34,235.46,224.7,51456199,2026/1/2
F,Ford Motor Company,13.34,0.22,1.68%,13.18,13.39,13.06,46366800,2026/1/2
PATH,Uipath Inc Cl A,15.88,-0.51,-3.11%,16.5,16.59,15.49,44139500,2026/1/2
AAL,American Airlines Gp,15.48,0.15,0.98%,15.37,15.75,15.15,43940301,2026/1/2
RIVN,Rivian Automotive Inc Cl A,19.41,-0.3,-1.52%,19.78,20.71,18.9,42740199,2026/1/2
MU,Micron Technology,315.42,30.01,10.51%,295.13,315.6,294.86,42604199,2026/1/2
NFLX,Netflix Inc,90.99,-2.77,-2.95%,94.13,94.13,90.81,41155398,2026/1/2
AAPL,Apple Inc,271.01,-0.85,-0.31%,272.26,277.84,269,37838000,2026/1/2
AMD,Adv Micro Devices,223.47,9.31,4.35%,218.9,227.15,218.9,36446102,2026/1/2
PFE,Pfizer Inc,25.18,0.28,1.12%,24.98,25.3,24.83,35976600,2026/1/2
KVUE,Kenvue Inc,17.32,0.07,0.41%,17.27,17.42,17.1803,33294700,2026/1/2
GOOGL,Alphabet Cl A,315.15,2.15,0.69%,316.9,322.5,310.33,32009301,2026/1/2
RKLB,Rocket Lab Corporation,75.99,6.23,8.93%,70.63,76.24,66.85,31517600,2026/1/2
NU,Nu Holdings Ltd Cl A,17.02,0.28,1.67%,17.06,17.06,16.65,30939800,2026/1/2
VZ,Verizon Communications Inc,40.52,-0.21,-0.52%,40.77,40.9,40.3,30856800,2026/1/2
SMCI,Super Micro Computer,30.96,1.69,5.77%,29.96,31.4,29.93,30675000,2026/1/2
CFLT,Confluent Inc Cl A,30.11,-0.13,-0.43%,30.27,30.3,30.09,29419000,2026/1/2
T,AT&T Inc,24.56,-0.28,-1.13%,24.79,24.81,24.5,28718400,2026/1/2
WBD,Discovery Inc Series A,28.51,-0.31,-1.08%,28.79,28.85,28.41,27761699,2026/1/2
HOOD,Robinhood Markets Inc Cl A,115.21,2.11,1.87%,115.48,116.03,110.41,25793400,2026/1/2
MSFT,Microsoft Corp,472.94,-10.68,-2.21%,484.39,484.66,470.16,25571500,2026/1/2
BAC,Bank of America Corp,55.95,0.95,1.73%,55.03,55.99,54.88,25503500,2026/1/2
AVGO,Broadcom Ltd,347.62,1.52,0.44%,352.77,360.66,345.56,25398600,2026/1/2
CMCSA,Comcast Corp A,29.54,-0.35,-1.17%,29.89,29.95,29.38,24284102,2026/1/2
AGNC,Agnc Investment Corp,10.93,0.21,1.96%,10.72,11.01,10.65,23172201,2026/1/2
AUR,Aurora Innovation Inc Cl A,3.87,0.03,0.78%,3.86,3.95,3.79,22506299,2026/1/2
NKE,Nike Inc,63.28,-0.43,-0.67%,64,64.13,62.55,22284000,2026/1/2
GOOG,Alphabet Cl C,315.32,1.52,0.48%,317.59,322.91,310.65,22043699,2026/1/2
RKT,Rocket Companies Inc Cl A,19.88,0.52,2.69%,19.5,20.085,19.28,21614600,2026/1/2
MSTR,Strategy Inc,157.16,5.21,3.43%,154.59,160.79,149.75,20185500,2026/1/2
ASTS,Ast Spacemobile Inc,83.47,10.84,14.92%,74.34,83.76,69.25,19106699,2026/1/2
HPQ,HP Inc,22.12,-0.16,-0.72%,22.54,22.6,22.01,19045300,2026/1/2
PINS,Pinterest Inc,26.56,0.67,2.59%,26.18,26.965,25.95,17788700,2026/1/2
HBAN,Huntington Bancshares Inc,17.48,0.13,0.75%,17.38,17.59,17.14,17730301,2026/1/2
CPNG,Coupang Inc Cl A,23.37,-0.22,-0.93%,23.7,23.7,22.895,17142000,2026/1/2
KEY,Keycorp,20.98,0.34,1.65%,20.63,21.08,20.4945,16134600,2026/1/2
PCG,Pacific Gas & Electric Company,16.27,0.2,1.24%,16.19,16.38,15.895,16113300,2026/1/2
CCL,Carnival Corp,30.92,0.38,1.24%,30.69,31.22,30.37,15892000,2026/1/2
CSCO,Cisco Systems Inc,76.04,-0.99,-1.29%,76.64,76.95,75.61,15749800,2026/1/2
AMCR,Amcor Plc,8.41,0.07,0.84%,8.35,8.43,8.2611,15598200,2026/1/2
MRVL,Marvell Technology Inc,89.39,4.41,5.19%,86.74,90.08,86.6,14987500,2026/1/2
PYPL,Paypal Holdings,58.14,-0.24,-0.41%,58.67,58.8,57.65,14693100,2026/1/2
SLB,Slb Limited,40.2,1.82,4.74%,38.41,40.4363,38.065,14637100,2026/1/2
UAA,Under Armour,5.29,0.32,6.44%,5.16,5.465,5.1401,14580100,2026/1/2
ORCL,Oracle Corp,195.71,0.8,0.41%,197.47,198.59,194.21,14540600,2026/1/2
WMT,Walmart Inc,112.76,1.35,1.21%,111.43,112.79,111.12,14306500,2026/1/2
XOM,Exxon Mobil Corp,122.65,2.31,1.92%,120.09,122.68,119.6067,14175000,2026/1/2
DJT,Trump Media & Technology Group Corp,13.77,0.53,4.00%,13.35,14.17,13.24,14038800,2026/1/2
META,Meta Platforms Inc,650.41,-9.68,-1.47%,662.72,664.39,643.5,13726500,2026/1/2
QS,Quantumscape Corp,11.06,0.64,6.14%,10.55,11.06,10.32,13722600,2026/1/2
UBER,Uber Technologies Inc,82.86,1.15,1.41%,82.04,83.66,81.4697,13095000,2026/1/2
KHC,Kraft Heinz Company,24.39,0.14,0.58%,24.29,24.56,24.06,12839500,2026/1/2
CMG,Chipotle Mexican Grill,37.49,0.49,1.32%,37.25,37.67,36.72,12791100,2026/1/2
KO,Coca-Cola Company,69.12,-0.79,-1.13%,69.85,69.87,68.975,12151300,2026/1/2
MO,Altria Group,57.31,-0.35,-0.61%,57.66,57.7855,57.05,12112400,2026/1/2
LRCX,Lam Research Corp,185.06,13.88,8.11%,177.85,185.78,177.5,11957301,2026/1/2
USB,U.S. Bancorp,53.93,0.57,1.07%,53.33,54.18,52.99,11657000,2026/1/2
FCX,Freeport-Mcmoran Inc,51.93,1.14,2.24%,51.72,52.185,51,11518400,2026/1/2
SBUX,Starbucks Corp,83.97,-0.24,-0.28%,84.22,84.96,83.02,11334800,2026/1/2
BA,Boeing Company,227.77,10.65,4.91%,218.15,227.77,215.24,11261000,2026/1/2
HPE,Hewlett Packard Enterprise Comp,24.17,0.15,0.62%,24.28,24.39,23.82,11238800,2026/1/2
SNDK,Sandisk Corp,275.24,37.86,15.95%,244.35,275.8,244,11104300,2026/1/2
NLY,Annaly Capital Management Inc,22.9,0.54,2.42%,22.37,23.015,22.24,10850100,2026/1/2
MDLZ,Mondelez Intl Inc,53.65,-0.18,-0.33%,53.94,54.28,53.41,10842200,2026/1/2
OXY,Occidental Petroleum Corp,42.38,1.26,3.06%,41.24,42.735,41.025,10798300,2026/1/2
RF,Regions Financial Corp,27.56,0.46,1.70%,27.09,27.67,26.81,10729800,2026/1/2
CAG,Conagra Brands Inc,17.3,-0.01,-0.06%,17.23,17.4366,17.09,10643500,2026/1/2
OWL,Blue Owl Capital Inc,15.31,0.37,2.48%,15.05,15.475,14.995,10527600,2026/1/2
KMI,Kinder Morgan Inc,27.71,0.22,0.80%,27.49,27.895,27.19,10257400,2026/1/2
CSX,CSX Corp,36.27,0.02,0.06%,36.4,36.44,35.94,10167399,2026/1/2
DKNG,Draftkings Inc,35.66,1.2,3.48%,34.59,35.97,34.42,10158200,2026/1/2
DOW,Dow Inc,24.27,0.89,3.81%,23.55,24.42,23.305,10052700,2026/1/2
TOST,Toast Inc Cl A,34.02,-1.49,-4.20%,35.77,36.03,33.67,10026500,2026/1/2
MRK,Merck & Company,106.45,1.19,1.13%,105.53,106.6248,104.43,9992400,2026/1/2
CLF,Cleveland-Cliffs Inc,13.6,0.32,2.41%,13.51,13.6,13.2701,9931400,2026/1/2
NOW,Servicenow Inc,147.45,-5.74,-3.75%,153.08,153.2,145.64,9896600,2026/1/2
TTD,Trade Desk Inc,37.68,-0.28,-0.74%,38.19,38.24,36.79,9782500,2026/1/2
CRM,Salesforce Inc,253.62,-11.29,-4.26%,265,265.38,252.48,9680500,2026/1/2
MRNA,Moderna Inc,30.86,1.37,4.65%,29.83,31.34,29.81,9582899,2026/1/2
CCC,CCC Intelligent Solutions Hldgs Inc,7.87,-0.08,-1.01%,7.97,8.01,7.74,9330600,2026/1/2
SNV,Synovus Financial Corp,50.05,-1.28,-2.49%,51.43,51.79,49.92,9312800,2025/12/31
CNH,CNH Industrial N.V.,9.35,0.13,1.41%,9.31,9.47,9.21,9290100,2026/1/2
C,Citigroup Inc,118.7,2.01,1.72%,117.21,118.72,116.59,9245300,2026/1/2
WFC,Wells Fargo & Company,95.2,2,2.15%,93.3,95.345,92.805,9242600,2026/1/2
KDP,Keurig Dr Pepper Inc,27.73,-0.28,-1.00%,27.82,27.97,27.69,9152700,2026/1/2
PG,Procter & Gamble Company,141.79,-1.52,-1.06%,143.11,143.34,141.24,8946000,2026/1/2
DIS,Walt Disney Company,111.85,-1.92,-1.69%,113.44,113.44,111.62,8906200,2026/1/2
UWMC,Uwm Hldg Corp,4.41,0.03,0.68%,4.41,4.46,4.34,8903500,2026/1/2
BMY,Bristol-Myers Squibb Company,53.46,0.15,0.28%,53.21,53.87,52.94,8865700,2026/1/2
NEE,Nextera Energy,80.93,0.65,0.81%,80.45,81.02,79.585,8852800,2026/1/2
COIN,Coinbase Global Inc Cl A,236.53,10.39,4.59%,230.6,238.49,225.91,8760199,2026/1/2
DVN,Devon Energy Corp,37.87,1.24,3.39%,36.68,38.1877,36.49,8717200,2026/1/2
CPRT,Copart Inc,37.77,-1.38,-3.52%,39.15,39.15,37.6,8608100,2026/1/2
NCLH,Norwegian Cruise Ord,22.78,0.46,2.06%,22.52,22.97,22.22,8573100,2026/1/2
SCHW,The Charles Schwab Corp,101.57,1.66,1.66%,99.77,101.83,99.41,8409400,2026/1/2
GIS,General Mills,45.72,-0.78,-1.68%,46.48,46.49,45.605,8394900,2026/1/2
CRCL,Circle Internet Group Inc Cl A,83.47,4.17,5.26%,80.84,84.58,79.62,8382400,2026/1/2
VICI,Vici Properties Inc,28.15,0.03,0.11%,28.16,28.2555,27.76,8303900,2026/1/2
S,Sentinelone Inc Cl A,14.64,-0.36,-2.40%,15.1,15.15,14.55,8294200,2026/1/2
UA,Under Armour Inc Cl C,5.07,0.27,5.63%,4.94,5.23,4.93,8286100,2026/1/2
JPM,JP Morgan Chase & Company,325.48,3.26,1.01%,322.5,325.73,320.74,8054000,2026/1/2
ON,On Semiconductor,56.7,2.55,4.71%,55.25,57.33,55.17,8044200,2026/1/2
GAP,Gap Inc,25.19,-0.41,-1.60%,25.78,25.93,24.77,7985200,2026/1/2
HAL,Halliburton Company,29.6,1.34,4.74%,28.34,29.89,28.21,7818700,2026/1/2
MCHP,Microchip Technology,65.03,1.31,2.06%,65.26,65.87,64.15,7790000,2026/1/2
LYFT,Lyft Inc Cl A,19.79,0.42,2.17%,19.71,19.88,19.4,7675500,2026/1/2
ENPH,Enphase Energy Inc,33.75,1.7,5.30%,32.25,34.76,32.25,7645000,2026/1/2
AMAT,Applied Materials,268.87,11.88,4.62%,267.08,271.23,265.1,7553200,2026/1/2
FTNT,Fortinet Inc,77.88,-1.53,-1.93%,79.97,79.97,77.18,7548800,2026/1/2
FAST,Fastenal Company,40.44,0.31,0.77%,40.26,40.69,39.86,7483900,2026/1/2
GM,General Motors Company,80.98,-0.34,-0.42%,81.41,81.485,79.56,7469100,2026/1/2
VRT,Vertiv Holdings Llc.,175.61,13.6,8.39%,169.46,177.25,169.13,7348200,2026/1/2
AES,The Aes Corp,14.82,0.48,3.35%,14.51,14.868,14.3814,7290400,2026/1/2
PEP,Pepsico Inc,142.23,-1.29,-0.90%,143.22,143.41,142.1,7182000,2026/1/2
APH,Amphenol Corp,139.71,4.57,3.38%,137.12,139.94,136.69,7178600,2026/1/2
TGT,Target Corp,100.51,2.76,2.82%,97.91,101,97.07,7064400,2026/1/2
PR,Permian Resources Corp,14.4,0.37,2.64%,14.02,14.46,13.91,7021300,2026/1/2
COP,Conocophillips,96.7,3.09,3.30%,93.61,96.94,93.13,7005600,2026/1/2
RBLX,Roblox Corp Cl A,80.95,-0.08,-0.10%,81.45,81.78,78.8,6972100,2026/1/2
AVTR,Avantor Inc,11.46,0,0.00%,11.52,11.62,11.42,6948400,2026/1/2
QXO,Qxo Inc,19.72,0.43,2.23%,19.25,19.915,19.01,6940300,2026/1/2
NEM,Newmont Mining Corp,101.22,1.37,1.37%,100.99,101.95,98.21,6940000,2026/1/2
PANW,Palo Alto Networks Inc,179.37,-4.83,-2.62%,184.81,184.81,177.23,6909500,2026/1/2
ROIV,Roivant Sciences Ltd,21.93,0.23,1.06%,21.71,22.2,21.5,6893100,2026/1/2
UNH,Unitedhealth Group Inc,336.4,6.29,1.91%,330.895,340.2578,327.5,6863500,2026/1/2
CFG,Citizens Financial Group Inc/Ri,59.39,0.98,1.68%,58.46,59.65,58.25,6862700,2026/1/2
CVX,Chevron Corp,155.9,3.49,2.29%,152.16,155.9,151.25,6862000,2026/1/2
XYZ,Block Inc,65.15,0.06,0.09%,65.72,65.72,62.52,6830000,2026/1/2
VTRS,Viatris Inc,12.46,0.01,0.08%,12.5,12.54,12.27,6824800,2026/1/2
WDC,Western Digital Corp,187.7,15.43,8.96%,177.2,187.77,176.7,6808300,2026/1/2
ACI,Albertsons Companies Inc Cl A,17.31,0.14,0.82%,17.17,17.3468,17.05,6807500,2026/1/2
XP,XP Inc Cl A,16.18,-0.19,-1.16%,16.76,16.83,16.1,6801200,2026/1/2
BBWI,Bath & Body Works Inc,20.74,0.66,3.29%,20.4,20.9755,19.87,6765800,2026/1/2
DOC,Healthpeak Properties Inc,16.2,0.12,0.75%,16.04,16.205,15.86,6717600,2026/1/2
CORT,Corcept Therapeutics,38.2,3.4,9.77%,35.76,38.44,35.12,6702900,2026/1/2
LCID,Lucid Group Inc,11.15,0.58,5.49%,10.73,11.26,10.69,6684600,2026/1/2
RITM,Rithm Capital Corp,10.98,0.08,0.73%,10.91,11.07,10.83,6578100,2026/1/2
MOS,Mosaic Company,25.02,0.93,3.86%,24.1,25.365,23.99,6577300,2026/1/2
COLD,Americold Realty Trust,12.94,0.08,0.62%,12.94,13.32,12.7,6565200,2026/1/2
QCOM,Qualcomm Inc,172.98,1.93,1.13%,173.8,174.68,172.2,6532200,2026/1/2
HST,Host Marriott Financial Trust,18.16,0.43,2.43%,17.75,18.25,17.63,6526500,2026/1/2
MP,MP Materials Corp,54.97,4.45,8.81%,51.48,55.25,50.91,6459600,2026/1/2
LYB,Lyondellbasell Industries NV,44.39,1.09,2.52%,43.58,44.855,43.27,6372800,2026/1/2
WU,Western Union Company,9.23,-0.08,-0.86%,9.35,9.3936,9.2,6372500,2026/1/2
LUV,Southwest Airlines Company,41.3,-0.03,-0.07%,41.51,41.84,40.85,6338700,2026/1/2
JNJ,Johnson & Johnson,207.35,0.4,0.19%,206.82,207.385,203.68,6325600,2026/1/2
CTRA,Coterra Energy Inc,26.6,0.28,1.06%,26.25,26.7,26.03,6254500,2026/1/2
MDT,Medtronic Inc,96.05,-0.01,-0.01%,96.04,96.4399,95.29,6221900,2026/1/2
O,Realty Income Corp,57.31,0.94,1.67%,56.35,57.535,55.92,6203100,2026/1/2
MPW,Medical Properties Trust,5.08,0.08,1.60%,5.03,5.12,4.98,6186000,2026/1/2
TXN,Texas Instruments,177.52,4.03,2.32%,174.96,178.89,174.91,6133900,2026/1/2
BAX,Baxter International Inc,19.5,0.39,2.04%,19.3,19.635,19.165,6113100,2026/1/2
WEN,Wendys Company,8.17,-0.16,-1.92%,8.31,8.43,8.08,6092400,2026/1/2
WDAY,Workday Inc,205.79,-8.99,-4.19%,215.2,215.4,202.22,6047800,2026/1/2
FISV,Fiserv Inc,65.59,-1.58,-2.35%,67.53,67.53,65.07,6039500,2026/1/2
BSX,Boston Scientific Corp,94.71,-0.64,-0.67%,95.72,95.84,94.2301,6030600,2026/1/2
TFC,Truist Financial Corp,49.74,0.53,1.08%,49.26,49.915,48.83,5930900,2026/1/2
AA,Alcoa Corp,56.54,3.4,6.40%,54.12,56.61,54.01,5897400,2026/1/2
BRK.B,Berkshire Hathaway Cl B,496.85,-5.8,-1.15%,500.96,501.88,492.91,5876600,2026/1/2
FHN,First Horizon Corp,24.13,0.23,0.96%,24.06,24.15,23.67,5865300,2026/1/2
GTM,Zoominfo Technologies Inc Cl A,9.61,-0.56,-5.51%,10.24,10.28,9.56,5829800,2026/1/2
TEM,Tempus AI Cl A,62.36,3.31,5.61%,60.21,62.4,59.09,5817300,2026/1/2
STWD,Starwood Property Trust,18.42,0.41,2.28%,18.01,18.515,17.941,5794100,2026/1/2
D,Dominion Energy Inc,59.24,0.65,1.11%,58.91,59.38,58.265,5675600,2026/1/2
ALAB,Astera Labs Inc,179.56,13.2,7.93%,171.68,182.9,171.68,5658800,2026/1/2
ADBE,Adobe Systems Inc,333.3,-16.69,-4.77%,350.67,351.12,331.64,5643500,2026/1/2
APP,Applovin Corp Cl A,618.32,-55.5,-8.24%,683.37,683.5,610.58,5611200,2026/1/2
FITB,Fifth Third Bancorp,47.71,0.9,1.92%,46.85,47.93,46.57,5558000,2026/1/2
GTLB,Gitlab Inc Cl A,36.18,-1.35,-3.60%,37.98,38.01,35.9,5545100,2026/1/2
SIRI,Siriusxm Holdings Inc,20.51,0.51,2.58%,20.09,20.68,20.05,5509800,2026/1/2
TSCO,Tractor Supply Company,50.83,0.82,1.64%,49.97,50.94,49.72,5495900,2026/1/2
CHWY,Chewy Inc,33.49,0.44,1.33%,32.96,33.97,32.95,5488400,2026/1/2
BEN,Franklin Resources,23.8,-0.09,-0.38%,23.98,24.02,23.655,5480600,2026/1/2
CVS,CVS Corp,80.13,0.77,0.97%,79.28,80.79,78.61,5428400,2026/1/2
V,Visa Inc,346.48,-4.23,-1.21%,349.87,350.05,343.48,5403700,2026/1/2
M,Macy's Inc,22.75,0.7,3.17%,22.23,22.81,22.13,5230400,2026/1/2
DBX,Dropbox Inc,26.93,-0.87,-3.13%,27.64,27.66,26.23,5213300,2026/1/2
U,Unity Software Inc,44.25,0.08,0.18%,45.2,45.74,43.78,5135300,2026/1/2
KR,Kroger Company,62.96,0.48,0.77%,62.36,62.995,62.11,5116100,2026/1/2
DAL,Delta Air Lines Inc,69.06,-0.34,-0.49%,69.85,70,68.5,5115400,2026/1/2
UPS,United Parcel Service,101.02,1.83,1.84%,99.3,101.21,98.4107,5031900,2026/1/2
APA,Apa Corp,25.36,0.9,3.68%,24.58,25.55,24.39,5019100,2026/1/2
ABT,Abbott Laboratories,124.19,-1.1,-0.88%,124.7,125.25,123.64,5014200,2026/1/2
DELL,Dell Technologies Inc,127.8,1.92,1.53%,128.4,129.35,125.75,4959200,2026/1/2
BKR,Baker Hughes Company,47.14,1.6,3.51%,45.72,47.41,45.35,4909900,2026/1/2
CPB,The Campbell's Company,27.71,-0.16,-0.57%,27.94,27.99,27.61,4904600,2026/1/2
ACN,Accenture Plc,259.95,-8.35,-3.11%,268.79,269.84,258,4899800,2026/1/2
IBKR,Interactive Brokers,67.23,2.92,4.54%,65.41,67.56,65.05,4881900,2026/1/2
WY,Weyerhaeuser Company,23.8,0.11,0.46%,23.73,23.985,23.55,4817500,2026/1/2
EXC,Exelon Corp,43.92,0.33,0.76%,43.56,44.17,43.26,4809000,2026/1/2
ADT,ADT Inc,8.01,-0.06,-0.74%,8.06,8.076,7.975,4773100,2026/1/2
ANET,Arista Networks Inc,133.6,2.57,1.96%,134.05,136.09,132.185,4707400,2026/1/2
CVNA,Carvana Company Cl A,400.25,-21.77,-5.16%,421.68,421.71,390.87,4696700,2026/1/2
IBM,Intl Business Machines,291.5,-4.71,-1.59%,297.56,297.5699,289,4662800,2026/1/2
CRH,CRH Plc ADR,126.44,1.64,1.31%,125.5,126.83,124.84,4593600,2026/1/2
GLW,Corning Inc,90.67,3.11,3.55%,88.91,90.72,88.14,4586900,2026/1/2
ORLY,O'Reilly Automotive,90.34,-0.87,-0.95%,90.74,91.03,89.97,4557300,2026/1/2
GILD,Gilead Sciences Inc,121.6,-1.14,-0.93%,122.49,122.59,121.19,4555500,2026/1/2
CNC,Centene Corp,41.78,0.63,1.53%,41.18,42.07,40.53,4553900,2026/1/2
GME,Gamestop Corp,20.62,0.54,2.69%,20.26,20.865,20.16,4551600,2026/1/2
AXTA,Axalta Coating Systems Ltd,33,0.69,2.14%,32.59,33.14,32.45,4521200,2026/1/2
IOT,Samsara Inc Cl A,33.92,-1.53,-4.32%,35.9,35.91,33.67,4516500,2026/1/2
MS,Morgan Stanley,181.9,4.37,2.46%,178.51,181.96,177.14,4509800,2026/1/2
SW,Smurfit Westrock Plc,39.6,0.93,2.40%,38.84,39.775,38.55,4506700,2026/1/2
MNST,Monster Beverage Corp,76.16,-0.51,-0.67%,76.67,76.86,75.88,4474300,2026/1/2
COTY,Coty Inc,3.11,0.03,0.97%,3.13,3.16,3.1,4459000,2026/1/2
CSGP,Costar Group Inc,65.69,-1.55,-2.31%,67.11,67.22,65.22,4368200,2026/1/2
PPL,PPL Corp,35.11,0.09,0.26%,35,35.345,34.77,4367500,2026/1/2
KMB,Kimberly-Clark Corp,101.4,0.51,0.51%,101.19,101.98,100.26,4347900,2026/1/2
GE,GE Aerospace,320.75,12.72,4.13%,309.75,320.98,308.66,4340100,2026/1/2
WMB,Williams Companies,60.85,0.74,1.23%,60.11,61.159,59.575,4330100,2026/1/2
CELH,Celsius Holdings Inc,47.75,2.01,4.39%,46.43,48.54,45.77,4314700,2026/1/2
SO,Southern Company,87.18,-0.02,-0.02%,87.17,87.6599,86.6,4273600,2026/1/2
QSR,Restaurant Brands International,67.81,-0.42,-0.62%,68.02,68.27,66.9,4258000,2026/1/2
MGM,MGM Resorts International,36.49,0,0.00%,36.63,36.6451,36.12,4241700,2026/1/2
CAVA,Cava Group Inc,60.55,1.86,3.17%,58.94,61.11,58.5703,4237700,2026/1/2
AMKR,Amkor Technology,42.92,3.44,8.71%,41.05,43.21,41.05,4218700,2026/1/2
EQT,Eqt Corp,53.46,-0.14,-0.26%,53.35,53.65,52.53,4214300,2026/1/2
DT,Dynatrace Inc,42.35,-0.99,-2.28%,43.33,43.455,41.55,4213600,2026/1/2
XEL,XCEL Energy Inc,74.68,0.82,1.11%,73.82,75.28,73.27,4213000,2026/1/2
HRL,Hormel Foods Corp,23.39,-0.31,-1.31%,23.8,23.8,23.285,4203100,2026/1/2
BBY,Best Buy Company,69.18,2.25,3.36%,67.42,69.25,66.66,4167000,2026/1/2
DD,Dupont Denemours Inc,40.87,0.67,1.67%,40.44,40.89,40.19,4140200,2026/1/2
AFRM,Affirm Holdings Inc Cl A,74.03,-0.4,-0.54%,75,75.46,72.86,4112000,2026/1/2
CART,Maplebear Inc [Instacart],43.91,-1.07,-2.38%,45.05,45.31,43.61,4071800,2026/1/2
TJX,TJX Companies,154.28,0.67,0.44%,153.25,154.35,152.05,4064900,2026/1/2
NTNX,Nutanix Inc,50.6,-1.09,-2.11%,51.78,52.15,49.38,4045900,2026/1/2
NWSA,News Corp Cl A,26.19,0.07,0.27%,26.14,26.35,25.89,4017200,2026/1/2
NDAQ,Nasdaq Inc,96.66,-0.47,-0.48%,97.25,97.25,95.8,3998500,2026/1/2
AR,Antero Resources Corp,34.21,-0.25,-0.73%,34.2,34.44,33.27,3997800,2026/1/2
KIM,Kimco Realty Corp,20.06,-0.21,-1.04%,20.23,20.26,19.97,3994800,2026/1/2
CLVT,Clarivate Analytics Plc,3.24,-0.1,-2.99%,3.37,3.3999,3.21,3984900,2026/1/2
INVH,Invitation Homes Inc,27.72,-0.07,-0.25%,27.67,27.84,27.545,3970900,2026/1/2
PRMB,Primo Water Corp,16.19,-0.16,-0.98%,16.32,16.43,15.99,3959900,2026/1/2
EBAY,Ebay Inc,87.06,-0.04,-0.05%,87,88.44,86.44,3948800,2026/1/2
PM,Philip Morris International Inc,160.3,-0.1,-0.06%,160.26,162.15,159.21,3938100,2026/1/2
AEP,American Electric Power Company,115.81,0.5,0.43%,115.44,116.2,114.42,3906700,2026/1/2
MA,Mastercard Inc,563.13,-7.75,-1.36%,570.71,570.88,559.49,3902000,2026/1/2
FNB,F.N.B. Corp,17.19,0.09,0.53%,17.15,17.305,16.94,3888700,2026/1/2
CL,Colgate-Palmolive Company,77.69,-1.33,-1.68%,78.93,78.96,77.48,3888200,2026/1/2
VFC,V.F. Corp,18.16,0.08,0.44%,18.19,18.32,17.9,3874100,2026/1/2
ABNB,Airbnb Inc Cl A,133.01,-2.71,-2.00%,135.94,136.11,132.34,3863800,2026/1/2
XRAY,Dentsply Sirona Inc,11.27,-0.16,-1.40%,11.47,11.53,11.23,3860600,2026/1/2
VST,Vistra Energy Corp,165.23,3.9,2.42%,163.89,169.2799,163.89,3838400,2026/1/2
TMUS,T-Mobile US,199.58,-3.46,-1.70%,202.25,202.69,199.03,3826200,2026/1/2
PCAR,Paccar Inc,111.56,2.05,1.87%,109.79,112.18,109,3809300,2026/1/2
GEN,Gen Digital Inc,26.07,-1.12,-4.12%,27.23,27.34,26.02,3808300,2026/1/2
EOG,Eog Resources,107.27,2.26,2.15%,105,107.87,104.3301,3799500,2026/1/2
DASH,Doordash Inc Cl A,219.79,-6.69,-2.95%,229.73,230.78,219.65,3794300,2026/1/2
SAIL,Sailpoint Inc,18.95,-1.28,-6.33%,20.59,20.59,18.81,3791500,2026/1/2
HD,Home Depot,345.82,1.72,0.50%,343.43,348.49,340.92,3763400,2026/1/2
LVS,Las Vegas Sands,65.21,0.12,0.18%,65.2,65.615,64.15,3743800,2026/1/2
OMC,Omnicom Group Inc,81.32,0.57,0.71%,80.75,81.95,79.59,3740400,2026/1/2
RARE,Ultragenyx Pharmaceu,23.6,0.6,2.61%,22.84,24,22.5,3639900,2026/1/2
JHX,James Hardie Industries Se ADR,20.81,0.06,0.29%,20.77,21.075,20.55,3614600,2026/1/2
ADI,Analog Devices,273.74,2.54,0.94%,275.07,276,270.46,3608900,2026/1/2
BILL,Bill Holdings Inc,50.56,-3.98,-7.30%,55,55.05,50.47,3604100,2026/1/2
NWL,Newell Rubbermaid Inc,3.72,0,0.00%,3.73,3.79,3.68,3594400,2026/1/2
W,Wayfair Inc,106.56,6.15,6.12%,106,108.95,102.8,3587400,2026/1/2
CARR,Carrier Global Corp,53.52,0.68,1.29%,53.11,53.955,52.53,3554900,2026/1/2
FMC,FMC Corp,14.34,0.47,3.39%,14.04,14.465,13.56,3554300,2026/1/2
RDDT,Reddit Inc Cl A,241.89,12.02,5.23%,232.18,242.8699,228.15,3547000,2026/1/2
DG,Dollar General Corp,136.82,4.05,3.05%,132.79,137.7,132.65,3544300,2026/1/2
ETSY,Etsy Inc,57.28,1.84,3.32%,55.94,57.87,55.67,3527000,2026/1/2
COHR,Coherent Corp,194.33,9.76,5.29%,188,195.92,187.0201,3515000,2026/1/2
MTCH,Match Group Inc,31.74,-0.55,-1.70%,32.45,32.47,31.66,3478600,2026/1/2
SNOW,Snowflake Inc Cl A,216.71,-2.65,-1.21%,219.9,222.9871,213.95,3464200,2026/1/2
IP,International Paper Company,40.25,0.86,2.18%,39.52,40.49,39.09,3448400,2026/1/2
GEHC,GE Healthcare Technologies Inc,82.82,0.8,0.98%,82.58,83.57,82.2,3433500,2026/1/2
GFS,Globalfoundries Inc,36.87,1.95,5.58%,35.54,36.99,35.36,3407300,2026/1/2
GPK,Graphic Packaging Holding Company,15.15,0.09,0.60%,15.09,15.28,14.93,3365400,2026/1/2
AMH,American Homes 4 Rent,31.92,-0.18,-0.56%,31.84,32.125,31.655,3357700,2026/1/2
ABBV,Abbvie Inc,229.31,0.82,0.36%,228.74,230.74,225.71,3336800,2026/1/2
MET,Metlife Inc,80.32,1.38,1.75%,78.94,80.505,78.11,3335700,2026/1/2
RTX,Rtx Corp,187.25,3.85,2.10%,183.5,187.27,182.1738,3326300,2026/1/2
CRWD,Crowdstrike Holdings Inc,453.58,-15.18,-3.24%,474,474,449.45,3324900,2026/1/2
PGR,Progressive Corp,212.12,-2,-0.93%,214.34,214.34,210.41,3321700,2026/1/2
PSTG,Pure Storage Inc,69.01,2,2.98%,68.43,69.6572,67.93,3315200,2026/1/2
ONON,On Holding Ag Cl A,46.95,0.47,1.01%,46.84,47.61,46.67,3311000,2026/1/2
IVZ,Invesco Plc,26.94,0.67,2.55%,26.43,26.969,26.33,3294700,2026/1/2
PLD,Prologis Inc,129.05,1.39,1.09%,127.74,129.3111,127.24,3280500,2026/1/2
APLS,Apellis Pharmaceuticals Inc,25.86,0.74,2.95%,25.09,26.24,25,3275000,2026/1/2
TER,Teradyne Inc,207.56,14,7.23%,199.29,208.81,199.26,3224100,2026/1/2
CTSH,Cognizant Tech Sol,81.28,-1.72,-2.07%,82.99,83.29,80.52,3219600,2026/1/2
PAYX,Paychex Inc,108.6,-3.58,-3.19%,112.12,112.2,108.33,3214700,2026/1/2
RPRX,Royalty Pharma Plc Cl A,38.86,0.22,0.57%,38.69,38.88,38.29,3202700,2026/1/2
JCI,Johnson Controls Intl,122.31,2.56,2.14%,120.46,122.9,120.35,3196800,2026/1/2
OGN,Organon & Co.,7.24,0.07,0.98%,7.25,7.43,7.15,3195300,2026/1/2
BK,Bank of New York Mellon Corp,117.04,0.95,0.82%,116.01,117.06,115.31,3174500,2026/1/2
BF.B,Brown Forman Inc Cl B,26.14,0.08,0.31%,26.13,26.4,25.79,3168500,2026/1/2
OVV,Ovintiv Inc,40.49,1.3,3.32%,39.1,40.65,38.8,3157300,2026/1/2
HON,Honeywell International Inc,195.88,0.79,0.40%,195.69,196.58,193.35,3156400,2026/1/2
PK,Park Hotels & Resorts Inc,10.77,0.31,2.96%,10.54,10.915,10.36,3149000,2026/1/2
CMS,Cms Energy Corp,70.42,0.49,0.70%,69.91,70.91,69.455,3128100,2026/1/2
MCD,McDonald's Corp,303.26,-2.37,-0.78%,305.29,305.55,300.2919,3124400,2026/1/2
SYY,Sysco Corp,72.62,-0.53,-0.72%,72.93,73.09,71.85,3105300,2026/1/2
FTI,Technipfmc Plc,47.31,2.75,6.17%,44.51,47.355,44.5,3100300,2026/1/2
DOCU,Docusign Inc,64.85,-3.55,-5.19%,68.61,68.68,64.24,3091300,2026/1/2
ELAN,Elanco Animal Health Inc,22.52,-0.11,-0.49%,22.83,22.9629,22,3074200,2026/1/2
AIG,American International Group,84.27,-1.28,-1.50%,85.23,85.285,83.675,3053100,2026/1/2
FLO,Flowers Foods,10.79,-0.09,-0.83%,10.92,10.9315,10.73,3041600,2026/1/2
MDU,Mdu Res Group Inc,19.87,0.35,1.79%,19.54,19.88,19.415,3010500,2026/1/2
ENTG,Entegris Inc,89.56,5.31,6.30%,86.16,90.58,85.36,3010100,2026/1/2
COF,Capital One Financial Corp,247.93,5.57,2.30%,244.35,247.99,242.5,3003500,2026/1/2
ALB,Albemarle Corp,143.93,2.49,1.76%,143.77,144.75,141.43,2992800,2026/1/2
NI,NiSource Inc,42.16,0.4,0.96%,41.76,42.355,41.48,2983600,2026/1/2
CTVA,Corteva Inc,67.76,0.73,1.09%,67,67.955,66.33,2977300,2026/1/2
ADM,Archer Daniels Midland,59.05,1.56,2.71%,57.44,59.35,57.21,2972200,2026/1/2
GPN,Global Payments Inc,75.53,-1.87,-2.42%,77.6,78.18,75,2922300,2026/1/2
BX,Blackstone Inc,158.8,4.66,3.02%,155.14,159.185,154.85,2922200,2026/1/2
Z,Zillow Group Cl C,65.92,-2.3,-3.37%,68.55,69,65.71,2906900,2026/1/2
DXCM,Dexcom Inc,66.54,0.17,0.26%,66.63,67.49,66.12,2893200,2026/1/2
SWKS,Skyworks Solutions,64.39,0.98,1.55%,64.17,65.04,63.39,2891900,2026/1/2
CF,Cf Industries Holdings,80.13,2.79,3.61%,77.48,81,77.14,2854100,2026/1/2
PRGO,Perrigo Company,13.89,-0.03,-0.22%,14,14.105,13.78,2827300,2026/1/2
LITE,Lumentum Holdings,386.11,17.52,4.75%,379.38,392,375,2819200,2026/1/2
GS,Goldman Sachs Group,914.34,35.34,4.02%,884,914.44,880.75,2817600,2026/1/2
DLTR,Dollar Tree Inc,127.7,4.69,3.81%,122.7,128.95,122.7,2795300,2026/1/2
BRX,Brixmor Property Group Inc,25.96,-0.26,-0.99%,26.11,26.25,25.855,2789900,2026/1/2
TAP,Molson Coors Brewing Company,47.4,0.72,1.54%,47.01,47.61,46.44,2763700,2026/1/2
CAT,Caterpillar Inc,598.41,25.54,4.46%,577.59,599.61,575.31,2762000,2026/1/2
GEV,GE Vernova Inc,679.55,25.98,3.98%,661.19,679.77,658.4,2741700,2026/1/2
INTU,Intuit Inc,629.46,-32.96,-4.98%,660.6,661.99,622.23,2739000,2026/1/2
KMX,Carmax Inc,39.29,0.65,1.68%,38.77,39.41,38.25,2738000,2026/1/2
FE,Firstenergy Corp,45.26,0.49,1.09%,44.86,45.42,44.565,2733300,2026/1/2
CNP,Centerpoint Energy Inc,38.73,0.39,1.02%,38.33,38.835,38.0401,2712600,2026/1/2
UDR,United Dominion Realty Trust,36.69,0.01,0.03%,36.57,36.84,36.3,2698500,2026/1/2
NOV,Nov Inc,16.41,0.78,4.99%,15.72,16.51,15.6,2695700,2026/1/2
FTV,Fortive Corp,55.39,0.18,0.33%,55.33,55.695,55.0034,2691200,2026/1/2
EIX,Edison International,60.93,0.91,1.52%,60.37,61.39,59.56,2681000,2026/1/2
TEAM,Atlassian Corp,154.76,-7.38,-4.55%,162.14,162.14,153.84,2673800,2026/1/2
VTR,Ventas Inc,77.33,-0.05,-0.06%,77.37,77.695,76.691,2673800,2026/1/2
FLEX,Flextronics Intl Ltd,63.68,3.26,5.40%,61.44,63.72,61.39,2661000,2026/1/2
BRO,Brown & Brown,77.62,-2.08,-2.61%,79.77,79.77,77.35,2651500,2026/1/2
UAL,United Airlines Holdings Inc,113.01,1.19,1.06%,112.6,113.57,110.96,2621000,2026/1/2
DUK,Duke Energy Corp,117.44,0.23,0.20%,117.18,118.07,116.38,2619700,2026/1/2
HUN,Huntsman Corp,10.19,0.19,1.90%,10.15,10.275,9.9,2599100,2026/1/2
LOW,Lowe's Companies,246.89,5.73,2.38%,241.5,247.225,239.97,2595200,2026/1/2
MAT,Mattel Inc,20.04,0.2,1.01%,20,20.08,19.63,2586500,2026/1/2
BROS,Dutch Bros Inc Cl A,62.16,0.94,1.54%,61.36,62.38,60.23,2578800,2026/1/2
DECK,Deckers Outdoor Corp,106.79,3.12,3.01%,104.31,107.1,104,2571100,2026/1/2
UNP,Union Pacific Corp,231.91,0.59,0.26%,231.35,232.72,229.64,2569900,2026/1/2
ROST,Ross Stores Inc,182.74,2.6,1.44%,180.59,182.77,179.02,2566400,2026/1/2
DDOG,Datadog Inc Cl A,133.77,-2.22,-1.63%,137.25,137.35,132.27,2566100,2026/1/2
ETN,Eaton Corp,327.31,8.8,2.76%,323.21,328.21,321.22,2559900,2026/1/2
MDB,Mongodb Inc Cl A,399.65,-20.04,-4.77%,422.5,423.5,392.5,2555100,2026/1/2
TRMB,Trimble Navigation,78.33,-0.02,-0.03%,78.86,78.95,76.71,2549600,2026/1/2
KKR,KKR & Company LP,128.9,1.42,1.11%,128.88,129.41,127.4,2545400,2026/1/2
EL,Estee Lauder Companies,106.76,2.04,1.95%,105.615,107.17,104.8875,2542900,2026/1/2
EXE,Expand Energy Corporation,109.77,-0.59,-0.53%,109.98,110.32,108.23,2541900,2026/1/2
PENN,Penn Entertainment Inc,14.85,0.1,0.68%,14.84,14.97,14.39,2533200,2026/1/2
DLR,Digital Realty Trust,155.03,0.32,0.21%,154.64,155.98,153.9,2514800,2026/1/2
EXEL,Exelixis Inc,43.58,-0.25,-0.57%,43.52,43.72,43,2489400,2026/1/2
HOG,Harley-Davidson Inc,20.64,0.15,0.73%,20.57,20.89,20.57,2474700,2026/1/2
CZR,Caesars Entertainment Inc,23.56,0.17,0.73%,23.59,23.77,23.12,2469500,2026/1/2
LLY,Eli Lilly and Company,1080.36,5.6799,0.53%,1076.4,1080.66,1052.08,2469000,2026/1/2
BRBR,Bellring Brands Inc Cl A,26.09,-0.64,-2.39%,26.64,27.15,26.075,2468700,2026/1/2
LKQ,LKQ Corp,30.03,-0.17,-0.56%,30.24,30.26,29.67,2451000,2026/1/2
MKC,Mccormick & Company,67.28,-0.83,-1.22%,68.24,68.3799,67.12,2445600,2026/1/2
HALO,Halozyme Therapeutic,70.31,3.01,4.47%,67.71,70.35,67.16,2441300,2026/1/2
FLUT,Flutter Entertainment Plc,218.27,3.23,1.50%,216.35,219,213.89,2433900,2026/1/2
LULU,Lululemon Athletica,210.81,3,1.44%,209.22,212.08,208.56,2415600,2026/1/2
LEN,Lennar Corp,104.22,1.42,1.38%,103.01,104.5,102.12,2414700,2026/1/2
ARMK,Aramark Holdings Corp,36.58,-0.28,-0.76%,36.86,36.905,36.04,2410500,2026/1/2
EW,Edwards Lifesciences Corp,85.33,0.08,0.09%,85.46,85.48,84.08,2377000,2026/1/2
USFD,US Foods Holding,74.64,-0.68,-0.90%,74.98,75.38,74.24,2376400,2026/1/2
KNX,Knight-Swift Transporation Inc,52.23,-0.05,-0.10%,52.39,52.71,51.8,2375700,2026/1/2
GLPI,Gaming & Leisure,44.42,-0.27,-0.60%,44.57,44.67,43.98,2374500,2026/1/2
COST,Costco Wholesale,854.5,-7.84,-0.91%,861.14,863.1,852.5,2373300,2026/1/2
HR,Healthcare Realty Trust Inc.,16.95,0,0.00%,16.9,17.04,16.76,2366100,2026/1/2
AMTM,Amentum Holdings Inc,30.48,1.48,5.10%,29.1,30.7,28.93,2351600,2026/1/2
DHR,Danaher Corp,230.4,1.48,0.65%,228.81,232.1004,227.23,2338300,2026/1/2
SEE,Sealed Air Corp,41.52,0.09,0.22%,41.45,41.635,41.45,2331200,2026/1/2
CEG,Constellation Energy Corp,366.25,12.98,3.67%,358,373.23,358,2330400,2026/1/2
KD,Kyndryl Hldgs Inc,25.49,-1.07,-4.03%,26.82,26.91,25.36,2330100,2026/1/2
FOUR,Shift4 Payments Inc,62.68,-0.29,-0.46%,63.31,63.505,61.417,2325500,2026/1/2
AM,Antero Midstream Corp,17.94,0.15,0.84%,17.8,17.99,17.61,2325200,2026/1/2
ROL,Rollins Inc,59.01,-1.01,-1.68%,59.75,60.02,58.6,2318300,2026/1/2
DAR,Darling International Inc,37.64,1.64,4.56%,36.25,38.185,35.915,2307000,2026/1/2
RBRK,Rubrik Inc Cl A,75.47,-1.01,-1.32%,77.65,78.78,74.275,2301300,2026/1/2
COLB,Columbia Banking Sys,28.19,0.24,0.86%,28.05,28.35,27.54,2289600,2026/1/2
DOCS,Doximity Inc Cl A,43.29,-0.99,-2.24%,44.65,44.99,43.21,2283900,2026/1/2
PNFP,Pinnacle Finl Ptnrs,95.1,-0.31,-0.32%,95.01,99.82,92.16,2266000,2026/1/2
OKE,Oneok Inc,74.34,0.84,1.14%,73.46,74.98,72.55,2261700,2026/1/2
VIK,Viking Holdings Ltd,72.27,0.86,1.20%,71.51,72.35,70.55,2247600,2026/1/2
BALL,Ball Corporation,53.35,0.38,0.72%,53.06,53.555,52.22,2243800,2026/1/2
YUM,Yum! Brands,150.49,-0.79,-0.52%,151.54,152.16,149.65,2241700,2026/1/2
OGE,Oge Energy Corp,42.88,0.18,0.42%,42.63,42.96,42.225,2236100,2026/1/2
FOXA,Fox Corp Cl A,73.76,0.69,0.94%,73.13,74.04,72.39,2235400,2026/1/2
COO,Cooper Companies,81.11,-0.85,-1.04%,82.09,82.44,80.8,2229500,2026/1/2
STT,State Street Corp,129.07,0.9,0.70%,128.59,129.12,127.02,2217700,2026/1/2
LW,Lamb Weston Holdings Inc,42.29,0.4,0.95%,42.08,42.5364,41.635,2215200,2026/1/2
CUBE,Cubesmart,35.4,-0.12,-0.34%,35.5,35.51,35.09,2203900,2026/1/2
LIN,Linde Plc,429.11,2.72,0.64%,426.28,430.81,422.08,2202400,2026/1/2
RHI,Robert Half Inc,27.34,0.18,0.66%,27.19,27.4,26.45,2186800,2026/1/2
WELL,Welltower Inc,186.94,1.33,0.72%,185.61,186.99,183.67,2186400,2026/1/2
RRC,Range Resources Corp,35.3,0.04,0.11%,34.92,35.425,34.335,2153600,2026/1/2
INCY,Incyte Corp,101.42,2.65,2.68%,98.25,101.5,97.94,2152300,2026/1/2
AS,Amer Sports Inc,37.5,0.15,0.40%,37.63,37.97,37.24,2150800,2026/1/2
ALGM,Allegro Microsystems Inc,26.91,0.53,2.01%,27,27.36,26.18,2150700,2026/1/2
ALLY,Ally Financial,45.76,0.47,1.04%,45.46,45.83,44.96,2145800,2026/1/2
APG,Api Group Corp,38.97,0.71,1.86%,38.26,39.1,38.26,2139100,2026/1/2
OKTA,Okta Inc Cl A,83.64,-2.83,-3.27%,87.15,87.15,83.37,2134300,2026/1/2
AL,Air Lease Corp Cl A,64.15,-0.08,-0.12%,64.25,64.28,64.12,2130800,2026/1/2
BSY,Bentley Systems Inc Cl B,38.15,-0.01,-0.04%,38.26,38.51,37.7,2125300,2026/1/2
FND,Floor & Decor Holdings Inc,62.97,2.08,3.42%,61.29,63.61,61.19,2116600,2026/1/2
WRB,W.R. Berkley Corp,69.36,-0.76,-1.08%,69.77,70.055,68.91,2114100,2026/1/2
DV,Doubleverify Holdings Inc,10.86,-0.58,-5.07%,11.49,11.49,10.84,2110300,2026/1/2
SYK,Stryker Corp,348.18,-3.29,-0.94%,351.28,351.5545,345.72,2102300,2026/1/2
STZ,Constellation Brands Inc,141.17,3.21,2.33%,138.4,142.2,136.9112,2084200,2026/1/2
AXP,American Express Company,372.73,3.6,0.98%,369.5,372.87,367.25,2076200,2026/1/2
PNC,PNC Bank,211.46,2.73,1.31%,208.73,212.585,208.36,2074200,2026/1/2
ICE,Intercontinental Exchange,159.99,-1.97,-1.22%,161.34,161.54,159.59,2068600,2026/1/2
ACHC,Acadia Healthcr Company,14.29,0.1,0.70%,14.3,14.49,13.85,2066000,2026/1/2
TWLO,Twilio,138.36,-3.88,-2.73%,142.85,144.79,136.51,2057100,2026/1/2
TMO,Thermo Fisher Scientific Inc,592.51,13.06,2.25%,579.5,593.71,577,2052300,2026/1/2
APO,Apollo Asset Management Inc,146.61,1.85,1.28%,145.01,146.945,144.16,2047300,2026/1/2
ADP,Automatic Data Processing,252.88,-4.35,-1.69%,257.03,257.67,251.65,2026300,2026/1/2
ST,Sensata Technologies Holding N.V.,34.89,1.6,4.81%,33.56,34.9836,33.13,2014600,2026/1/2
CLX,Clorox Company,100.85,0.02,0.02%,101.1,101.42,100.1125,2001800,2026/1/2
OTIS,Otis Worldwide Corp,88.34,0.99,1.13%,87.22,88.51,86.82,2001800,2026/1/2
SRE,Sempra,89.71,1.42,1.61%,88.72,89.92,87.84,1995900,2026/1/2
DHI,D.R. Horton,145.72,1.69,1.17%,144.34,146.125,143.1801,1985100,2026/1/2
CIEN,Ciena Corp,246.06,12.19,5.21%,241,248.5,237.62,1985000,2026/1/2
MMC,Marsh & Mclennan Companies,182.47,-3.05,-1.64%,184.41,184.9999,181.795,1983500,2026/1/2
RH,Rh Common Stock,193.41,14.26,7.96%,191.55,198.4999,187.8,1973600,2026/1/2
MMM,3M Company,161.82,1.72,1.07%,160.1,161.89,159.06,1961200,2026/1/2
EXAS,Exact Sciences Cor,101.74,0.18,0.18%,101.72,102.05,101.63,1956800,2026/1/2
TRU,Transunion,83.33,-2.42,-2.82%,86,86.14,83.18,1952900,2026/1/2
ROKU,Roku Inc,108.72,0.23,0.21%,109.15,111.06,108.07,1948300,2026/1/2
EA,Electronic Arts Inc,204.41,0.08,0.04%,204.4,204.72,204.26,1944200,2026/1/2
TPR,Tapestry Inc,129.07,1.3,1.02%,129.22,129.99,127.15,1943100,2026/1/2
TECH,Bio-Techne Corp,59.65,0.84,1.43%,58.81,60.53,58.4,1941700,2026/1/2
VLO,Valero Energy Corp,165.31,2.52,1.55%,163.25,165.665,162.08,1938600,2026/1/2
LNG,Cheniere Energy,197.8,3.41,1.75%,194.46,199.79,193.83,1928900,2026/1/2
EXPE,Expedia Group Inc,282.94,-0.37,-0.13%,283.02,284.15,278.33,1927500,2026/1/2
LSCC,Lattice Semicond,78.65,5.07,6.89%,75.52,79.42,75.52,1927200,2026/1/2
LBRDK,Liberty Broadband Corp Sr C,48.74,0.14,0.29%,48.56,50.25,48.3,1922200,2026/1/2
FTAI,Ftai Aviation Ltd,210.35,13.5,6.86%,198.03,210.62,198.03,1921600,2026/1/2
VNOM,Viper Energy Inc,38.78,0.15,0.39%,38.63,39.3,38.16,1904500,2026/1/2
AU,Anglogold Ashanti Ltd ADR,85.6,0.32,0.38%,87.115,87.115,82.94,1901400,2026/1/2
IRM,Iron Mountain Inc,83.24,0.29,0.35%,83,83.766,82.34,1900000,2026/1/2
WEC,Wisconsin Energy Corp,106.47,1.01,0.96%,105.67,107.31,104.866,1898700,2026/1/2
SRPT,Sarepta Therapeutics,21.31,-0.21,-0.98%,21.92,22,21.2,1896000,2026/1/2
ODFL,Old Dominion Freight Line Inc,159.19,2.39,1.52%,157.75,160.15,156,1891200,2026/1/2
EMR,Emerson Electric Company,135.82,3.1,2.34%,133.23,136.39,132.68,1889400,2026/1/2
SHC,Sotera Health Company,17.69,0.05,0.28%,17.71,17.94,17.53,1879200,2026/1/2
APTV,Aptiv Plc,78.44,2.35,3.09%,76.83,78.54,76.33,1877700,2026/1/2
BHF,Brighthouse Financial Inc,64.57,-0.22,-0.34%,64.78,64.85,64.02,1874700,2026/1/2
ETR,Entergy Corp,93.86,1.43,1.55%,92.57,94.29,91.895,1872900,2026/1/2
VRSK,Verisk Analytics Inc,221.02,-2.67,-1.19%,221.94,223.74,217.85,1866000,2026/1/2
CAI,Caris Life Sciences Inc,26.98,0,0.00%,27.1,27.25,26.43,1864000,2026/1/2
ESI,Element Solutions Inc,25.94,0.95,3.80%,25.19,25.96,25.16,1863000,2026/1/2
LYV,Live Nation Entertainment,145.31,2.81,1.97%,142.43,146.34,142.43,1859100,2026/1/2
CCI,Crown Castle Inc,88.7,-0.17,-0.19%,88.85,89.22,87.59,1855600,2026/1/2
BWA,Borgwarner Inc,46.64,1.58,3.51%,45.45,46.655,45.07,1850300,2026/1/2
VKTX,Viking Thera,35.42,0.24,0.68%,35.54,36.17,34.88,1845000,2026/1/2
EQR,Equity Residential,62.03,-0.3175,-0.51%,62.32,62.34,61.57,1840300,2026/1/2
CUZ,Cousins Properties Inc,25.92,0.14,0.54%,25.75,26.11,25.55,1833900,2026/1/2
HLT,Hilton Inc,292.98,5.73,1.99%,286.87,293.74,286.705,1831900,2026/1/2
INSM,Insmed Inc,177.12,3.08,1.77%,175.79,177.9,173.55,1831400,2026/1/2
SN,Sharkninja Inc,113.85,1.95,1.74%,112.14,114.27,111.73,1830300,2026/1/2
NTAP,Netapp Inc,106.47,-0.62,-0.58%,107.65,107.96,105.24,1829800,2026/1/2
SFM,Sprouts Farmers Market,80.64,0.97,1.22%,79.52,81.3,79.25,1829800,2026/1/2
DINO,HF Sinclair Corp,46.85,0.77,1.67%,46,47.08,45.982,1829600,2026/1/2
WM,Waste Management,218.4,-1.31,-0.60%,219.34,219.38,217.07,1827700,2026/1/2
FIS,Fidelity National Information Services,65.62,-0.84,-1.26%,66.5,66.59,65.42,1817100,2026/1/2
PPG,PPG Industries,104.35,1.89,1.84%,103.03,104.695,102.01,1810200,2026/1/2
AMT,American Tower Corp,174.8,-0.77,-0.44%,175.26,175.81,173.17,1786600,2026/1/2
ARE,Alexandria Real Estate Equities,48.97,0.03,0.06%,48.79,49.565,48.1,1782800,2026/1/2
PEG,Public Service Enterprise Group Inc,80.99,0.69,0.86%,80.79,81.395,79.86,1782700,2026/1/2
KBR,KBR Inc,40.51,0.31,0.77%,40.16,40.75,40.01,1778600,2026/1/2
ALK,Alaska Air Group,51.52,1.22,2.43%,50.63,52.08,50.3,1777500,2026/1/2
PSX,Phillips 66,130.57,1.53,1.19%,129,130.63,128.725,1777100,2026/1/2
BIRK,Birkenstock Holding Plc,41.77,0.87,2.13%,41,42.48,40.87,1776400,2026/1/2
SJM,J.M. Smucker Company,96.63,-1.18,-1.21%,97.96,98.08,96.08,1773500,2026/1/2
TXT,Textron Inc,87.05,-0.12,-0.14%,87.51,87.72,86.46,1767700,2026/1/2
NIQ,Niq Global Intelligence Plc,15.78,-0.71,-4.31%,16.46,16.63,15.74,1761800,2026/1/2
TSN,Tyson Foods,58.04,-0.58,-0.99%,58.57,58.57,57.7228,1745600,2026/1/2
REXR,Rexford Industrial Realty Inc,39.03,0.31,0.80%,38.75,39.28,38.42,1738300,2026/1/2
CNM,Core & Main Inc Cl A,53.41,1.44,2.77%,52.17,53.67,51.8845,1736700,2026/1/2
HAYW,Hayward Holdings Inc,15.77,0.32,2.07%,15.52,15.835,15.45,1721400,2026/1/2
MTDR,Matador Resources Company,43.36,0.92,2.17%,42.37,43.58,41.835,1697400,2026/1/2
PEGA,Pegasystems Inc,56.06,-3.66,-6.13%,60.14,60.16,55.33,1688400,2026/1/2
WSM,Williams-Sonoma,187.85,9.26,5.19%,182.68,188.99,181.44,1687700,2026/1/2
HWM,Howmet Aerospace Inc,211.71,6.69,3.26%,205.49,211.73,204.15,1673300,2026/1/2
EFX,Equifax Inc,214.03,-2.95,-1.36%,216.53,218.1499,210.32,1664400,2026/1/2
NET,Cloudflare Inc Cl A,196.02,-1.13,-0.57%,198.9,200.3,193.14,1662800,2026/1/2
AFL,Aflac Inc,110.24,-0.03,-0.03%,110.14,110.345,108.955,1659300,2026/1/2
DAY,Dayforce Inc,69.27,0.11,0.16%,69.2,69.35,69.19,1658900,2026/1/2
A,Agilent Technologies,137.95,1.88,1.38%,136.24,137.95,135.27,1650700,2026/1/2
IR,Ingersoll Rand Inc,79.76,0.54,0.68%,79.83,80.13,78.65,1647600,2026/1/2
BJ,Bj's Wholesale Club Holdings Inc,91.92,1.89,2.10%,90.03,92.205,89.55,1647100,2026/1/2
CHD,Church & Dwight Company,82.64,-1.21,-1.44%,83.52,83.85,82.4,1644700,2026/1/2
SHW,Sherwin-Williams Company,327.84,3.81,1.18%,323.25,329.9699,322.62,1642700,2026/1/2
AKAM,Akamai Technologies,85.1,-2.15,-2.46%,87.3,87.51,84.54,1638500,2026/1/2
SPGI,S&P Global Inc,512.66,-9.93,-1.90%,521.81,524.5525,511.31,1636700,2026/1/2
NYT,New York Times Company,69.82,0.4,0.58%,69.09,69.92,68.69,1635500,2026/1/2
GNTX,Gentex Corp,23.69,0.42,1.80%,23.29,23.77,23.05,1624100,2026/1/2
ITW,Illinois Tool Works Inc,249.5,3.2,1.30%,246.65,249.545,244.55,1622600,2026/1/2
IFF,International Flavors & Fragrances,68.03,0.64,0.95%,67.53,68.58,66.88,1616000,2026/1/2
LBTYA,Liberty Global Ltd Ord A,10.9,-0.24,-2.15%,11.15,11.2,10.86,1593500,2026/1/2
DKS,Dick's Sporting Goods Inc,200.22,2.25,1.14%,198.98,201.03,197.56,1592900,2026/1/2
WSC,Willscot Holdings Corp,19.47,0.64,3.40%,19.1,19.81,18.88,1585000,2026/1/2
DXC,Dxc Technology Company,14.08,-0.57,-3.89%,14.77,14.95,14.045,1580000,2026/1/2
ELS,Equity Lifestyle Properties,59.79,-0.82,-1.35%,60.43,60.43,59.54,1568200,2026/1/2
NSC,Norfolk Southern Corp,287.82,-0.9,-0.31%,288.89,290.18,287.01,1567600,2026/1/2
CG,The Carlyle Group,60.86,1.75,2.96%,59.25,61,59.15,1565600,2026/1/2
ACGL,Arch Capital Grp Ltd,93.86,-2.06,-2.15%,95.77,95.79,93.56,1563300,2026/1/2
BRKR,Bruker Corp,48.11,1,2.12%,47.19,48.31,46.85,1561400,2026/1/2
AMGN,Amgen Inc,327.64,0.33,0.10%,328.77,329.19,325.01,1539700,2026/1/2
NUE,Nucor Corp,169.4,6.29,3.86%,165.18,169.65,164.3367,1524300,2026/1/2
PFGC,Performance Food Group Company,88.05,-1.87,-2.08%,89.48,89.79,87.595,1516700,2026/1/2
NVT,Nvent Electric Plc,106.82,4.85,4.76%,102.84,107.295,102.84,1515900,2026/1/2
SPOT,Spotify Technology S.A.,575,-5.71,-0.98%,585.88,585.88,570.795,1515100,2026/1/2
ELF,E.L.F. Beauty Inc,77.81,1.77,2.33%,76.75,78.3,75.73,1510600,2026/1/2
LNC,Lincoln National Corp,45.01,0.48,1.08%,44.54,45.085,44.01,1510000,2026/1/2
BAH,Booz Allen Hamilton Holding Corp,84.89,0.53,0.63%,84.24,85.825,83.405,1501100,2026/1/2
DRI,Darden Restaurants,187.21,3.19,1.73%,184.54,188.42,183.34,1498800,2026/1/2
VIRT,Virtu Financial Cm A,32.6,-0.72,-2.16%,33.5,33.67,32.52,1495700,2026/1/2
SNPS,Synopsys Inc,480.42,10.7,2.28%,478.94,485.89,471.46,1490600,2026/1/2
RYN,Rayonier Inc REIT,21.61,-0.04,-0.18%,21.7,21.745,21.358,1489900,2026/1/2
EVRG,Evergy Inc,73.08,0.59,0.81%,72.33,73.5,72.05,1484800,2026/1/2
ALL,Allstate Corp,203.82,-4.33,-2.08%,207.04,208.35,203.13,1482800,2026/1/2
FSLR,First Solar Inc,274.34,13.11,5.02%,265.86,277.57,265.86,1476800,2026/1/2
SARO,Standardaero Inc,29.64,0.96,3.35%,28.81,29.759,28.62,1471900,2026/1/2
GDDY,Godaddy Inc,118.52,-5.56,-4.48%,123.61,123.93,118.48,1469800,2026/1/2
TREX,Trex Company,35.83,0.75,2.14%,35.25,36.542,35.03,1466700,2026/1/2
CERT,Certara Inc,8.74,-0.07,-0.79%,9,9.04,8.65,1466600,2026/1/2
BG,Bunge Ltd,92.64,3.56,4.00%,89.2,93.02,88.7001,1465700,2026/1/2
EQH,Axa Equitable Holdings Inc,47.97,0.32,0.67%,47.66,48.17,47.13,1464700,2026/1/2
HUM,Humana Inc,264.48,8.35,3.26%,256.04,266,256.04,1443100,2026/1/2
ED,Consolidated Edison Company,99.99,0.67,0.67%,99.63,100.6005,98.52,1441100,2026/1/2
LINE,Lineage Inc,35.42,0.42,1.20%,34.88,35.7,34.33,1434900,2026/1/2
JEF,Jefferies Financial Group Inc,63.46,1.49,2.40%,62.18,63.855,61.84,1433800,2026/1/2
EXR,Extra Space Storage Inc,130.97,0.75,0.58%,130.06,131.09,129.345,1429400,2026/1/2
GTES,Gates Industrial Corp Plc,22.06,0.59,2.75%,21.6,22.19,21.44,1428800,2026/1/2
RJF,Raymond James Financial,163.6,3.55,2.22%,160.23,163.76,159.639,1428600,2026/1/2
EXLS,Exlservice Holdings,41.21,-1.23,-2.90%,42.35,42.52,41.15,1428000,2026/1/2
NNN,NNN REIT Inc,39.53,-0.1,-0.25%,39.51,39.8,39.145,1426700,2026/1/2
WTRG,Essential Utilities Inc,38.67,0.31,0.81%,38.24,38.99,38.1,1426700,2026/1/2
SOLS,Solstice Advanced Materials Inc,49.28,0.7,1.44%,48.51,49.31,48.23,1426200,2026/1/2
SMMT,Summit Therapeu ADR,17.52,0.03,0.17%,17.75,17.75,17.3,1417400,2026/1/2
MRP,Millrose Properties Inc,29.83,-0.04,-0.13%,29.78,29.97,29.51,1414000,2026/1/2
MPC,Marathon Petroleum Corp,165.14,2.51,1.54%,162.85,165.36,162.33,1409400,2026/1/2
OLN,Olin Corp,21.55,0.72,3.46%,21.1,21.67,20.8,1409100,2026/1/2
APD,Air Products and Chemicals,250.47,5.24,2.14%,245.28,251.44,242.3397,1407700,2026/1/2
SYF,Synchrony Financial,84.65,1.22,1.46%,83.71,84.67,83.28,1407200,2026/1/2
VVV,Valvoline Inc,28.87,-0.19,-0.65%,29.08,29.31,28.82,1406700,2026/1/2
CHTR,Charter Communications Inc,209.28,0.53,0.25%,209.45,215.65,207.72,1400600,2026/1/2
IONS,Ionis Pharmaceuticals,79.67,0.56,0.71%,79.88,80.21,78.02,1400400,2026/1/2
ORI,Old Republic International Corp,43.27,0.13,0.30%,42.85,43.305,42.55,1398900,2026/1/2
NSA,National Storage Affiliates Tru,27.89,-0.32,-1.13%,28.13,28.23,27.8,1396200,2026/1/2
JHG,Janus Henderson Group Plc,47.78,0.21,0.44%,47.59,47.78,47.56,1396000,2026/1/2
NVST,Envista Holdings Corp,21.69,-0.02,-0.09%,21.84,21.995,21.575,1395500,2026/1/2
CMA,Comerica Inc,88.65,1.72,1.98%,87.18,89.09,86.505,1391300,2026/1/2
HIG,The Hartford Insurance Group Inc,137.11,-0.69,-0.50%,137.18,137.3,135.89,1387900,2026/1/2
IRDM,Iridium Comm Inc,17.76,0.38,2.19%,17.52,17.97,17.31,1383600,2026/1/2
RVMD,Revolution Medicines Inc,79.02,-0.63,-0.79%,80.29,80.47,77.86,1381600,2026/1/2
KRMN,Karman Holdings Inc,76.85,3.68,5.03%,74.23,77.24,72,1381000,2026/1/2
CTAS,Cintas Corp,184.88,-3.19,-1.70%,187.58,187.59,184.46,1372300,2026/1/2
FANG,Diamondback Energy,152.34,2.01,1.34%,151.1,153.66,148.68,1370600,2026/1/2
MAS,Masco Corp,64.47,1.01,1.59%,63.66,64.88,63,1364700,2026/1/2
BDX,Becton Dickinson and Company,194.94,0.87,0.45%,194.29,195.79,192.48,1363800,2026/1/2
ESTC,Elastic N.V.,72.56,-2.88,-3.82%,75.44,75.59,71.9325,1354400,2026/1/2
LNT,Alliant Energy Corp,65.59,0.58,0.89%,65.01,66.03,64.64,1354400,2026/1/2
CB,Chubb Ltd,310.06,-2.06,-0.66%,310.46,311.7999,307.22,1354100,2026/1/2
SLM,SLM Corp,27.41,0.35,1.29%,27.05,27.64,26.94,1352600,2026/1/2
UGI,Ugi Corp,37.63,0.2,0.53%,37.28,37.832,37.11,1351500,2026/1/2
AAON,Aaon Inc,79.19,2.94,3.86%,77.81,82.36,77.39,1350300,2026/1/2
RYAN,Ryan Specialty Hldgs Inc,50.61,-1.02,-1.98%,51.26,51.94,50.45,1340700,2026/1/2
RCL,Royal Caribbean Cruises Ltd,283.26,4.34,1.56%,278.5,284.92,277.24,1340200,2026/1/2
MOH,Molina Healthcare Inc,178.46,4.92,2.84%,174,180.97,171.245,1335800,2026/1/2
HRB,H&R Block,42.61,-0.97,-2.23%,43.25,43.535,42.433,1334200,2026/1/2
TPG,Tpg Inc Cl A,65.75,1.91,2.99%,64.25,65.99,64,1332800,2026/1/2
REG,Regency Centers Corp,67.96,-1.07,-1.55%,68.67,68.68,67.79,1332300,2026/1/2
CDW,CDW Corp,133.16,-3.04,-2.23%,137.2,137.88,132.98,1330600,2026/1/2
NRG,NRG Energy,166.16,6.92,4.35%,161.58,166.66,160.96,1328700,2026/1/2
MTG,Mgic Investment Corp,29.15,-0.07,-0.24%,29.14,29.3,28.82,1327500,2026/1/2
DOV,Dover Corp,195.75,0.51,0.26%,195.18,197.55,193.89,1327200,2026/1/2
TROW,T Rowe Price Group,104.63,2.25,2.20%,102.47,104.65,101.72,1323600,2026/1/2
AEE,Ameren Corp,100.86,1,1.00%,99.74,101.455,99.03,1322400,2026/1/2
AOS,Smith A.O. Corp,68.32,1.44,2.15%,67.06,68.53,66.65,1318800,2026/1/2
TTWO,Take-Two Interactive,251.6,-4.43,-1.73%,257.7,257.7,250.2,1317900,2026/1/2
ADSK,Autodesk Inc,286.73,-9.28,-3.14%,296,296.06,282.51,1317700,2026/1/2
HOLX,Hologic Inc,74.56,0.07,0.09%,74.55,74.6,74.49,1311300,2026/1/2
ARES,Ares Management LP,166.33,4.7,2.91%,162.68,166.55,161.22,1309900,2026/1/2
FDX,Fedex Corp,293.13,4.27,1.48%,288.93,293.4,287.75,1299900,2026/1/2
ISRG,Intuitive Surg Inc,561.98,-4.38,-0.77%,566.78,567.39,555.4,1298000,2026/1/2
SGI,Somnigroup International Inc,88.74,-0.54,-0.60%,89.32,89.76,88.41,1294900,2026/1/2
DUOL,Duolingo Inc Cl A,176.48,0.98,0.56%,176.73,179.45,174.01,1286000,2026/1/2
YETI,Yeti Holdings Inc,44.84,0.67,1.52%,44.42,45.05,43.92,1284500,2026/1/2
PHM,Pultegroup,119.07,1.81,1.54%,118.45,119.08,116.68,1281700,2026/1/2
RNG,Ringcentral Inc,27.59,-1.29,-4.47%,28.99,29.13,27.34,1274000,2026/1/2
RPM,RPM International Inc,103.76,-0.24,-0.23%,104.17,105,103.01,1272400,2026/1/2
ADC,Agree Realty Corp,72.12,0.09,0.12%,72.12,72.34,71.23,1269800,2026/1/2
ES,Eversource Energy,68.06,0.73,1.08%,67.79,68.425,66.975,1269200,2026/1/2
CDNS,Cadence Design Sys,310.4,-2.18,-0.70%,315.7,316,306.41,1268200,2026/1/2
SSNC,SS&C Technologies,85.75,-1.67,-1.91%,87.12,87.89,85.19,1266000,2026/1/2
FYBR,Frontier Communications Parent Inc,38.07,0,0.00%,38.06,38.1,38.06,1259000,2026/1/2
AJG,Arthur J. Gallagher & Company,256,-2.79,-1.08%,257.11,258.57,254.34,1252800,2026/1/2
TDC,Teradata Corp,29.69,-0.75,-2.46%,30.73,30.995,29.285,1251900,2026/1/2
KRC,Kilroy Realty Corp,38.02,0.65,1.74%,37.35,38.42,37.07,1246400,2026/1/2
BAM,Brookfield Asset Management Ltd,53.45,1.06,2.02%,52.39,53.47,52.01,1236000,2026/1/2
TT,Trane Technologies Plc,398,8.8,2.26%,390.88,399.49,388.69,1233600,2026/1/2
CME,CME Group Inc,269.68,-3.4,-1.25%,272.24,272.54,268.17,1228500,2026/1/2
GLOB,Globant S.A.,63.07,-2.3,-3.52%,66.55,67.56,63.02,1227900,2026/1/2
QGEN,Qiagen N.V.,45.19,0.22,0.49%,44.96,45.305,44.71,1225400,2026/1/2
TRV,The Travelers Companies Inc,285.19,-4.87,-1.68%,288.61,290.05,283.19,1222900,2026/1/2
Q,Qnity Electronics Inc,84.98,3.33,4.08%,81.69,86.32,81.61,1221000,2026/1/2
MTSI,Macom Technology S,174.96,3.68,2.15%,174.78,177.17,172.3,1219400,2026/1/2
SFD,Smithfield Foods Inc,22.15,-0.18,-0.81%,22.35,22.44,22.04,1212600,2026/1/2
CGNX,Cognex Corp,36.93,0.95,2.64%,36.43,37,36.19,1201900,2026/1/2
SWK,Stanley Black & Decker Inc,76.47,2.19,2.95%,74.81,76.8738,74.0201,1199400,2026/1/2
NCNO,Ncino Inc,24.65,-0.99,-3.86%,25.75,25.75,24.61,1194900,2026/1/2
HSY,Hershey Foods Corp,182.41,0.43,0.24%,181.98,184.44,180.715,1192500,2026/1/2
EHC,Encompass Health Corp,106.37,0.42,0.40%,105.74,106.45,103.575,1189300,2026/1/2
SCCO,Southern Copper Corp,148.69,5.22,3.64%,146.66,149.07,144.795,1177200,2026/1/2
DE,Deere & Company,466.8,1.23,0.26%,466,470.475,458.92,1175500,2026/1/2
GMED,Globus Medical Inc,87.3,-0.01,-0.01%,87.11,87.39,85.65,1173600,2026/1/2
MTN,Vail Resorts,133.96,1.16,0.87%,132.67,135.95,129.41,1171100,2026/1/2
TW,Tradeweb Markets Inc,106.2,-1.34,-1.25%,107.3,107.3,105.47,1168800,2026/1/2
CAH,Cardinal Health,205.72,0.7307,0.36%,204.57,205.76,203.015,1165700,2026/1/2
FHB,First Hawaiian Inc,25.67,0.37,1.46%,25.34,25.79,24.98,1161500,2026/1/2
WHR,Whirlpool Corp,74.5,2.36,3.27%,72.5,75.75,71.72,1160700,2026/1/2
CE,Celanese Corp,42.16,-0.12,-0.28%,42.54,42.9,41.35,1159200,2026/1/2
ILMN,Illumina Inc,134.35,3.19,2.43%,131.33,134.45,130.42,1157600,2026/1/2
OHI,Omega Healthcare Investors,44.53,0.19,0.43%,44.18,44.84,43.92,1153500,2026/1/2
RSG,Republic Services,210.2,-1.105,-0.52%,210.55,210.8,209.24,1151600,2026/1/2
PRU,Prudential Financial Inc,113.87,0.99,0.88%,112.87,114.19,111.58,1150800,2026/1/2
BMRN,Biomarin Pharmaceuticals,59.45,0.02,0.03%,59.43,59.82,58.89,1143400,2026/1/2
TIGO,Millicom International Cellular S.A.,56.55,1.11,2.00%,56,57,55.5,1139600,2026/1/2
G,Genpact Ltd,45.91,-0.87,-1.86%,46.77,47.1,45.825,1132100,2026/1/2
TKO,Tko Group Holdings Inc Cl A,206.94,-2.06,-0.99%,209.93,211.37,206.36,1131600,2026/1/2
LMT,Lockheed Martin Corp,497.07,13.4,2.77%,483.25,497.16,476.54,1126400,2026/1/2
VLTO,Veralto Corporation,98.5,-1.28,-1.28%,99.22,99.605,97.9,1124400,2026/1/2
ECL,Ecolab Inc,262.64,0.12,0.05%,261.2,263.41,259.14,1119900,2026/1/2
CI,The Cigna Group,279.12,3.89,1.41%,276.66,280.5,274,1099400,2026/1/2
BIIB,Biogen Inc,177.82,1.83,1.04%,175.37,178.24,174.28,1095700,2026/1/2
PLNT,Planet Fitness,109.73,1.26,1.16%,109.5,110.53,108.31,1090700,2026/1/2
ITT,ITT Inc,174.21,0.7,0.40%,174.91,175.1,172.72,1085000,2026/1/2
DTE,Dte Energy Company,130.36,1.38,1.07%,129.34,130.94,128.05,1084600,2026/1/2
UNM,Unumprovident Corp,77.23,-0.27,-0.35%,77.25,77.56,76.53,1084100,2026/1/2
CPT,Camden Property Trust,110.17,0.09,0.08%,109.62,110.7,108.85,1081700,2026/1/2
BXP,Bxp Inc,67.82,0.34,0.50%,67.57,68.2269,66.91,1078900,2026/1/2
VEEV,Veeva Systems Inc,219.49,-3.74,-1.68%,223.41,224.6299,218.59,1077400,2026/1/2
DOX,Amdocs Ltd Ord,80.16,-0.35,-0.43%,80.7,81.04,79.44,1072600,2026/1/2
PPC,Pilgrim's Pride,39.87,0.88,2.26%,39.05,39.95,38.72,1069400,2026/1/2
PCOR,Procore Technologies Inc,70.04,-2.7,-3.71%,72.99,73.496,69.1,1061300,2026/1/2
MAR,Marriot Int Cl A,313.41,3.17,1.02%,310.55,314.3,309,1060600,2026/1/2
CHRW,C.H. Robinson Ww,163.72,2.96,1.84%,161.37,164,160.01,1057900,2026/1/2
REYN,Reynolds Consumer Products Inc,23.06,0.14,0.61%,22.92,23.15,22.74,1053000,2026/1/2
HIW,Highwoods Properties,25.88,0.06,0.23%,25.72,26.02,25.5,1043600,2026/1/2
SCI,Service Corp International,77.2,-0.77,-0.99%,77.61,78.58,77,1042000,2026/1/2
EEFT,Euronet Worldwide,74.1,-2.01,-2.64%,76.31,76.36,73.64,1039600,2026/1/2
VMC,Vulcan Materials Company,292.65,7.43,2.61%,285.08,294.73,284.23,1035200,2026/1/2
PNW,Pinnacle West Capital Corp,88.14,-0.56,-0.63%,88.7,88.95,87.81,1033300,2026/1/2
JBL,Jabil Circuit,240.39,12.37,5.42%,231.29,240.66,230.765,1018800,2026/1/2
PTC,Ptc Inc,170.1,-4.11,-2.36%,174.34,174.34,168.09,1008500,2026/1/2
QRVO,Qorvo Inc,86.27,1.76,2.08%,85.4,87.07,85.08,1005200,2026/1/2
FNF,Fidelity National Financial,54.28,-0.31,-0.57%,54.41,54.58,53.68,1002500,2026/1/2
TTEK,Tetra Tech Inc,33.65,0.11,0.33%,33.62,33.79,33.33,995700,2026/1/2
OC,Owens Corning Inc,114.15,2.24,2.00%,112.27,114.66,111.41,988000,2026/1/2
SPG,Simon Property Group,183.97,-1.14,-0.62%,184.47,185.86,182.88,987600,2026/1/2
THC,Tenet Healthcare Corp,199.45,0.73,0.37%,198.87,200.56,195.27,985300,2026/1/2
STAG,Stag Industrial Inc,36.92,0.16,0.44%,36.68,37.0777,36.43,983800,2026/1/2
AVB,Avalonbay Communities,180.48,-0.83,-0.46%,180.98,181.72,178.5901,980000,2026/1/2
GD,General Dynamics Corp,343.4,6.74,2.00%,336.54,343.47,334.28,972200,2026/1/2
HAS,Hasbro Inc,82.97,0.97,1.18%,82,83.15,81.65,967700,2026/1/2
PAYC,Paycom Software Inc,152.4,-6.96,-4.37%,159.43,159.85,151.84,965300,2026/1/2
MTB,M&T Bank Corp,204.04,2.56,1.27%,200.96,204.92,199.62,965100,2026/1/2
NBIX,Neurocrine Bioscienc,140.6,-1.23,-0.87%,141.59,142.07,138.64,963700,2026/1/2
CRS,Carpenter Technology Corp,338.34,23.5,7.46%,316.59,339.74,315,962200,2026/1/2
FBIN,Fortune Brands Innovations Inc,50.94,0.92,1.84%,50.45,51.56,49.82,962100,2026/1/2
RMD,Resmed Inc,244.81,3.94,1.64%,241.75,245.34,240,961300,2026/1/2
FOX,Fox Corp Cl B,65.96,1.03,1.59%,64.95,66.04,64.41,959600,2026/1/2
PSA,Public Storage,258.44,-1.06,-0.41%,259.1,260.275,256.6,946200,2026/1/2
FIVE,Five Below Inc,193.45,5.09,2.70%,190.43,194.77,189.87,942400,2026/1/2
JKHY,Jack Henry & Assoc,178.35,-4.13,-2.26%,181.92,181.92,177.36,937400,2026/1/2
LHX,L3Harris Technologies Inc,304.48,10.91,3.72%,294,304.55,291.0107,934600,2026/1/2
STLD,Steel Dynamics Inc,176.06,6.61,3.90%,171.63,176.59,171.15,929700,2026/1/2
VNT,Vontier Corp,37.8,0.62,1.67%,37.4,37.935,37.13,928700,2026/1/2
IAC,Iac Inc,39.04,-0.06,-0.15%,39.27,39.48,38.63,928000,2026/1/2
INSP,Inspire Medical Systems Inc,92.27,0.04,0.04%,92.53,93.86,91.54,923800,2026/1/2
HSIC,Henry Schein Inc,76.82,1.24,1.64%,75.65,77.42,75.31,922400,2026/1/2
CWEN,Clearway Energy Inc Cl C,33.96,0.7,2.10%,33.54,34.24,33.25,922300,2026/1/2
WLK,Westlake Corp,74.15,0.21,0.28%,74.57,75.1678,72.69,919700,2026/1/2
WBS,Webster Financial Corp,63.82,0.88,1.40%,63,64.38,62.3,917300,2026/1/2
GRMN,Garmin Ltd,202.44,-0.41,-0.20%,203.67,204.55,199.2,915300,2026/1/2
ROP,Roper Industries,434.54,-10.59,-2.38%,444.73,445,428.19,914300,2026/1/2
BLDR,Builders Firstsource,104.63,1.74,1.69%,102.89,106.51,102.52,913500,2026/1/2
RAL,Ralliant Corporation,51.22,0.31,0.61%,51.44,51.54,50.35,911600,2026/1/2
IT,Gartner Inc,237.03,-15.25,-6.04%,250.39,252.28,236.89,910100,2026/1/2
OLLI,Ollies Bargain CS,111.32,1.71,1.56%,109.53,112.83,109.53,904300,2026/1/2
WING,Wingstop Inc,256.84,18.35,7.69%,241.69,258.55,240.58,896600,2026/1/2
TRGP,Targa Resources,186.77,2.27,1.23%,183.83,187.86,182.43,895800,2026/1/2
GPC,Genuine Parts Company,124,1.04,0.85%,123.12,124.8155,122.31,893900,2026/1/2
PWR,Quanta Services,439.68,17.73,4.20%,424.95,441.97,424.95,887000,2026/1/2
WH,Wyndham Hotels & Resorts Inc,75.27,-0.29,-0.38%,75.9,76.3235,74.39,883300,2026/1/2
MKSI,Mks Inc,168.36,8.56,5.36%,164.54,169.54,164.54,881500,2026/1/2
FERG,Ferguson Enterprises Inc,225.02,3.28,1.48%,223.16,225.74,222.01,879900,2026/1/2
AME,Ametek Inc,209.14,3.83,1.87%,206,209.28,205.1001,879400,2026/1/2
OZK,Bank Ozk,47.04,1.02,2.22%,46.15,47.26,45.66,874500,2026/1/2
AWK,American Water Works,130.32,-0.18,-0.14%,130.23,131.36,129.13,864700,2026/1/2
CIVI,Civitas Resources Inc,27.79,0.7,2.58%,26.98,27.845,26.75,860100,2026/1/2
RVTY,Revvity Inc,98.15,1.4,1.45%,97.2,98.32,96.58,858100,2026/1/2
PFG,Principal Financial Group Inc,89.42,1.21,1.37%,88.31,89.61,87.6,851700,2026/1/2
OMF,Onemain Holdings Inc,69.07,1.52,2.25%,67.68,69.11,67.25,850600,2026/1/2
CBSH,Commerce Bancshares,52.24,-0.1,-0.19%,52.36,52.86,51.47,849700,2026/1/2
ACM,Aecom Technology Corp,96.4,1.07,1.12%,95.66,96.95,95.21,848600,2026/1/2
SNX,Synnex Corp,153.43,3.2,2.13%,151,153.49,149.97,846100,2026/1/2
EXPD,Expeditors Intl,151.86,2.85,1.91%,149.14,151.97,148.76,845100,2026/1/2
ATI,Ati Inc,119.2,4.44,3.87%,115.34,119.43,114.75,843200,2026/1/2
FWONK,Liberty Media Formula One Sr C,98.04,-0.47,-0.48%,97.98,99.04,96.76,842500,2026/1/2
MAA,Mid-America Apartment Communities,139.13,0.22,0.16%,138.51,140,137.55,841100,2026/1/2
COR,Cencora Inc,338.87,1.12,0.33%,337.18,340.5,335.285,840900,2026/1/2
CHRD,Chord Energy Corp,94.68,1.98,2.14%,92.58,95.04,91.6,839600,2026/1/2
LPX,Louisiana-Pacific Corp,81.73,0.97,1.20%,80.88,82.0925,79.56,834600,2026/1/2
HXL,Hexcel Corp,76.88,2.98,4.03%,74.27,76.91,73.72,833600,2026/1/2
DVA,Davita Healthcare Partners Inc,114.51,0.9,0.79%,113.68,115.19,113.165,832300,2026/1/2
KLAC,K L A-Tencor Corp,1274.47,59.39,4.89%,1259.71,1283.99,1250.55,832100,2026/1/2
WPC,W.P. Carey & Company Llc,64.86,0.5,0.78%,64.35,65.11,63.85,831500,2026/1/2
TTC,Toro Company,80.17,1.45,1.84%,78.69,80.61,78.19,827700,2026/1/2
NTRA,Natera Inc,228.84,-0.25,-0.11%,228.95,230.07,225.82,827000,2026/1/2
FFIV,F5 Inc,256.63,1.37,0.54%,255.83,261.17,254.21,825300,2026/1/2
VRTX,Vertex Pharmaceutic,452.13,-1.23,-0.27%,454.34,455.99,448.52,825300,2026/1/2
AVY,Avery Dennison Corp,182.44,0.56,0.31%,181.7,183.22,179.3555,824900,2026/1/2
JAZZ,Jazz Pharma Plc,173.15,3.15,1.85%,169.5,174.11,169.26,822000,2026/1/2
CBRE,CBRE Group Inc,160.19,-0.6,-0.37%,160.31,161.279,159.5,821100,2026/1/2
BEPC,Brookfield Renewable Corp,39.89,1.55,4.04%,38.8,40.03,38.66,818100,2026/1/2
GXO,Gxo Logistics Inc,54.3,1.66,3.15%,52.77,54.31,52.3825,813300,2026/1/2
WYNN,Wynn Resorts Ltd,122.57,2.24,1.86%,120.08,123,120,810400,2026/1/2
ALGN,Align Technology,156.03,-0.12,-0.08%,157.72,158.09,154.62,809600,2026/1/2
EMN,Eastman Chemical Company,64.34,0.51,0.80%,64.21,64.55,63.305,809300,2026/1/2
PNR,Pentair Ltd,105.47,1.33,1.28%,104.22,105.68,103.71,807400,2026/1/2
GWRE,Guidewire Software Inc,187.63,-13.38,-6.66%,200.92,200.92,187.54,806600,2026/1/2
H,Hyatt Hotels Corp,165.57,5.25,3.27%,160.77,166.26,159.2001,794400,2026/1/2
ELV,Elevance Health Inc,354.25,3.7,1.06%,350.75,356.94,345.01,792300,2026/1/2
TOL,Toll Brothers Inc,135.58,0.36,0.27%,135.21,136.1325,133.8739,792200,2026/1/2
BURL,Burlington Stores Inc,298.39,9.54,3.30%,287.24,298.765,286.62,791000,2026/1/2
MSI,Motorola Solutions,381.02,-2.3,-0.60%,383.32,384.2,380.02,786000,2026/1/2
AON,AON Plc,344.27,-8.61,-2.44%,351.12,351.65,342.75,780600,2026/1/2
FR,First Industrial Realty Trust,57.9,0.63,1.10%,57.18,57.999,56.86,776200,2026/1/2
IQV,Iqvia Holdings Inc,225.37,-0.04,-0.02%,225.41,228.17,223.11,774800,2026/1/2
FLS,Flowserve Corp,70.75,1.37,1.97%,69.91,70.875,69.25,771500,2026/1/2
FRPT,Freshpet Inc CS,60.15,-0.78,-1.28%,60.64,61.1,59.72,762200,2026/1/2
CROX,Crocs Inc,86.95,1.43,1.67%,86,87.4,85.7,760400,2026/1/2
BWXT,Bwx Technologies Inc,181.85,9.01,5.21%,174.53,182.0277,173.75,760200,2026/1/2
MHK,Mohawk Industries,109.51,0.21,0.19%,109.53,110.68,108.67,754100,2026/1/2
MCO,Moody's Corp,498.98,-11.87,-2.32%,509.72,510.23,496.5884,753500,2026/1/2
SOLV,Solventum Corporation,79.02,-0.22,-0.28%,79.24,79.62,78.38,751100,2026/1/2
CNXC,Concentrix Corp,41.21,-0.37,-0.89%,41.71,41.77,40.03,748100,2026/1/2
ONTO,Onto Innovation Inc,165.87,8.01,5.07%,162.6,168.79,161.85,747800,2026/1/2
VNO,Vornado Realty Trust,33.45,0.17,0.51%,33.25,33.7,32.89,742100,2026/1/2
NFG,National Fuel Gas Company,82.06,2,2.50%,80.03,82.425,79.4601,734300,2026/1/2
LOAR,Loar Holdings Inc,70.23,2.23,3.28%,68.45,71.9352,68.445,732800,2026/1/2
ALNY,Alnylam Pharmaceuticals,400.17,2.52,0.63%,399.34,407.22,396.08,730500,2026/1/2
SNDR,Schneider National Inc,26.97,0.44,1.66%,26.81,27.07,26.5,723300,2026/1/2
EPR,Entertainment Properties Trust,50.76,0.86,1.72%,49.85,51.02,49.38,715600,2026/1/2
MSM,Msc Industrial Direct Company,85.84,1.74,2.07%,83.16,86.32,83.16,714700,2026/1/2
JBHT,J B Hunt Transport,196.78,2.44,1.26%,194.43,197.25,193.54,714500,2026/1/2
SLGN,Silgan Holdings,41.25,0.88,2.18%,40.43,41.43,40.155,710600,2026/1/2
SON,Sonoco Products,44.37,0.73,1.67%,43.64,44.67,43.325,710300,2026/1/2
DRS,Leonardo Drs Inc,34.78,0.69,2.02%,34.12,34.78,34,703600,2026/1/2
CCK,Crown Cork & Seal Company,104.18,1.21,1.18%,102.85,104.82,101.98,702900,2026/1/2
LAZ,Lazard Inc,49.74,1.18,2.43%,49.29,49.755,48.4,698700,2026/1/2
ALSN,Allison Transmission Holdings,98.94,1.04,1.06%,98.1,99.352,97.715,696900,2026/1/2
HUBS,Hubspot Inc,382.23,-19.07,-4.75%,399,401.6,375.25,694500,2026/1/2
EPAM,Epam Systems Inc,200.46,-4.42,-2.16%,204.82,205.26,199.795,692000,2026/1/2
CHH,Choice Hotels International,96.1,1.1275,1.19%,94.77,97.465,93.23,689700,2026/1/2
DLB,Dolby Laboratories,63.53,-0.69,-1.07%,64.47,64.47,63.23,685500,2026/1/2
J,Jacobs Engineering Group Inc,135.35,2.89,2.18%,132.66,135.52,132.31,683200,2026/1/2
DGX,Quest Diagnostics Inc,173.79,0.26,0.15%,173.31,173.81,172.03,683100,2026/1/2
CHDN,Churchill Downs IN,111.95,-1.83,-1.61%,113.31,113.76,109.52,682900,2026/1/2
FDS,Factset Research Systems Inc,284.9,-5.29,-1.82%,288.55,289.185,283.02,682200,2026/1/2
MAN,Manpower Inc,30.06,0.33,1.11%,29.91,30.285,29.23,681000,2026/1/2
GNRC,Generac Holdings Inc,141.1,4.73,3.47%,137.98,141.985,137.7,678700,2026/1/2
STE,Steris Corp,250.04,-3.48,-1.37%,253.43,253.43,246.65,678700,2026/1/2
PVH,Phillips-Van Heusen Corp,67.82,0.8,1.19%,67.74,68.465,66.695,677600,2026/1/2
XPO,Xpo Inc,138.79,2.88,2.12%,135.53,138.98,135.1414,676000,2026/1/2
TFSL,Tfs Financial Corp,13.57,0.19,1.42%,13.41,13.62,13.2,675900,2026/1/2
UHS,Universal Health Services,219.88,1.86,0.85%,217.82,220.46,215.1,675400,2026/1/2
XYL,Xylem Inc,137.11,0.93,0.68%,136.29,137.33,135.63,671600,2026/1/2
TXRH,Texas Roadhouse Inc,171.36,5.36,3.23%,165.74,171.45,165.74,664200,2026/1/2
KMPR,Kemper Corp,39.53,-1.01,-2.49%,40.47,40.47,39.5,659100,2026/1/2
VOYA,VOYA Financial Inc,75.6,1.11,1.49%,74.47,76.47,74.0201,658800,2026/1/2
NTRS,Northern Trust Corp,139.28,2.69,1.97%,136.77,139.35,136.54,658100,2026/1/2
OSK,Oshkosh Truck Corp,132.22,6.59,5.25%,126.25,133,126.25,657500,2026/1/2
ATO,Atmos Energy Corp,169.36,1.73,1.03%,167.15,170.11,166.34,656400,2026/1/2
LDOS,Leidos Holdings Inc,183.47,3.07,1.70%,179.6,183.78,178.81,654300,2026/1/2
CMI,Cummins Inc,522.03,11.58,2.27%,510.45,523.7574,510,649500,2026/1/2
RGEN,Repligen Corp,164.35,0.49,0.30%,163.53,167.51,162.21,639900,2026/1/2
TKR,Timken Company,86.29,2.16,2.57%,84.92,86.35,84.2001,638100,2026/1/2
PSN,Parsons Corp,62.21,0.41,0.66%,61.8,62.86,61.5554,633800,2026/1/2
KEYS,Keysight Technologies Inc,206.59,3.4,1.67%,205.31,207.05,203.72,632600,2026/1/2
AGCO,Agco Corp,105.84,1.52,1.46%,104.85,107.09,103.84,631400,2026/1/2
FRT,Federal Realty Investment Trust,99.03,-0.64,-0.64%,99.35,99.62,98.325,631000,2026/1/2
WST,West Pharmaceutical Services,276.4,1.26,0.46%,275.25,277.08,269.76,629100,2026/1/2
SMG,Scotts Miracle-Gro Company,59.43,1.08,1.85%,58.57,59.87,58.4003,628900,2026/1/2
WAL,Western Alliance Bancorp,85.47,1.4,1.67%,84.17,85.99,82.86,626000,2026/1/2
LBTYK,Liberty Global Ltd Ord C,10.82,-0.22,-1.99%,11.08,11.11,10.77,620000,2026/1/2
MPWR,Monolithic Power Sys,936.31,29.95,3.30%,927.6,957.1,926.18,618900,2026/1/2
COKE,Coca-Cola Consolidated Inc,149.84,-3.46,-2.26%,153.3,154.02,149.35,613000,2026/1/2
MIDD,Middleby Corp,150.77,2.1,1.41%,148.99,151.65,148,610900,2026/1/2
POOL,Pool Corp,229.71,0.96,0.42%,228.12,230.65,226.1,605800,2026/1/2
VRSN,Verisign Inc,240.53,-2.42,-1.00%,243.08,244.12,238.33,605800,2026/1/2
HLI,Houlihan Lokey,176.34,2.15,1.23%,174.17,176.515,173.75,605700,2026/1/2
BLK,Blackrock Inc,1085.0601,14.7201,1.38%,1071.4399,1089.88,1069,603200,2026/1/2
MASI,Masimo Corp,127.4,-2.66,-2.05%,130.59,130.59,126.57,601400,2026/1/2
DCI,Donaldson Company,89.93,1.27,1.43%,88.75,90.035,88.7013,599200,2026/1/2
TLN,Talen Energy Corporation,396.73,21.89,5.84%,381.11,397.42,379.33,597600,2026/1/2
NWS,News Corp Cl B,29.77,0.14,0.47%,29.64,29.99,29.29,589400,2026/1/2
WWD,Woodward Inc,310.86,8.54,2.82%,303.88,311.77,301.82,586900,2026/1/2
PKG,Packaging Corp of America,211.12,4.89,2.37%,205.95,211.419,204.58,584100,2026/1/2
RGLD,Royal Gold Inc,221.12,-1.17,-0.53%,224,224.25,216.53,583900,2026/1/2
L,Loews Corp,104.66,-0.65,-0.62%,105,105,103.84,583300,2026/1/2
PCTY,Paylocity Holdings Corp,145.7,-6.8,-4.46%,151.75,153.63,145.45,582300,2026/1/2
AVT,Avnet Inc,49.34,1.26,2.62%,48.6,49.5,48.58,582000,2026/1/2
MTZ,Mastec Inc,227.65,10.28,4.73%,220.01,228.48,219.3,576200,2026/1/2
SITE,Siteone Landscape Supply,125.06,0.5,0.40%,124.51,125.83,123.1577,563900,2026/1/2
GL,Globe Life Inc,138.42,-1.44,-1.03%,139.63,141.82,138.14,562300,2026/1/2
AXS,Axis Capital Holdings,104.26,-2.83,-2.64%,106.71,106.795,103.835,559500,2026/1/2
RNR,Renaissancere Holdings Ltd,272.24,-8.92,-3.17%,280.04,281.41,271.86,558800,2026/1/2
SEIC,Sei Investments Company,83.01,0.99,1.21%,81.79,83.07,81.63,557300,2026/1/2
EQIX,Equinix Inc,764.11,-2.05,-0.27%,766.16,766.6,758.43,556700,2026/1/2
MANH,Manhattan Assoc,167.28,-6.03,-3.48%,173.6,174.49,165.04,555700,2026/1/2
LPLA,Lpl Financial Holdings,361.63,4.46,1.25%,358.01,364.91,356,552000,2026/1/2
SF,Stifel Financial Corp,128.31,3.09,2.47%,125.37,128.695,124.9311,549300,2026/1/2
CINF,Cincinnati Financial,161.49,-1.83,-1.12%,163.32,163.32,160.38,547200,2026/1/2
TFX,Teleflex Inc,122.4,0.36,0.29%,122.4,123.54,120.9,546600,2026/1/2
GLIBK,Gci Liberty Inc Series C Gci,36.12,-1.09,-2.93%,37.03,37.45,35.55,545500,2026/1/2
BR,Broadridge Financial Solutions Llc,220.47,-2.7,-1.21%,223.17,224.403,219.23,544200,2026/1/2
ESS,Essex Property Trust,256.89,-2.22,-0.86%,259.02,260.46,254.93,540600,2026/1/2
ULTA,Ulta Beauty Inc,620.04,15.03,2.48%,606.12,622.27,606.12,539800,2026/1/2
CPAY,Corpay Inc,300.59,-0.34,-0.11%,301.65,302.67,298,538700,2026/1/2
SSB,Southstate Bank Corporation,94.23,0.12,0.13%,94.01,94.66,92.6001,538100,2026/1/2
WFRD,Weatherford International Plc,80.89,2.63,3.36%,78.62,81.48,77.63,537800,2026/1/2
URI,United Rentals,845.06,35.74,4.42%,810.59,847.15,810.59,536500,2026/1/2
RRX,Regal Rexnord Corp,146.1,5.78,4.12%,141.85,146.85,140.495,536400,2026/1/2
GGG,Graco Inc,82.64,0.67,0.82%,82.1,82.8,81.68,533200,2026/1/2
ROK,Rockwell Automation Inc,398.55,9.48,2.44%,392,398.68,390.32,532600,2026/1/2
EWBC,East West Bancorp,115.06,2.67,2.38%,112.41,115.51,111.79,532300,2026/1/2
HCA,Hca Holdings Inc,470.39,3.53,0.76%,465.8,470.535,462.77,531500,2026/1/2
LAMR,Lamar Advertis A,124.12,-2.46,-1.94%,126.16,126.54,123.82,531400,2026/1/2
HUBB,Hubbell Inc B,463.03,18.92,4.26%,447.73,465.64,447.615,526200,2026/1/2
INGR,Ingredion Inc,109.79,0.35,0.32%,109.42,110.525,108.19,525600,2026/1/2
MLI,Mueller Industries,116.81,2.01,1.75%,115.1,117.015,114.8,523700,2026/1/2
CXT,Crane Nxt CO,47.73,0.66,1.40%,47.53,48.26,47.16,523500,2026/1/2
UTHR,United Therapeutic,496.72,9.47,1.94%,490.07,501.7,480.02,522700,2026/1/2
EXP,Eagle Materials Inc,211.45,4.77,2.31%,206.7,212.14,205.88,521200,2026/1/2
RBA,Rb Global Inc,103.29,0.42,0.41%,102.96,103.75,102.39,518700,2026/1/2
AXON,Axon Enterprise Inc,563.45,-4.48,-0.79%,573.37,579.58,554.4,517800,2026/1/2
BYD,Boyd Gaming Corp,86.19,0.95,1.11%,85.34,86.35,84.27,516000,2026/1/2
AMG,Affiliated Managers Group,288.85,0.57,0.20%,288.75,291.21,287.33,515500,2026/1/2
POST,Post Holdings Inc,99.63,0.58,0.59%,99.02,100.36,98.265,512900,2026/1/2
BC,Brunswick Corp,75.89,1.65,2.22%,74.43,76.11,73.69,512500,2026/1/2
TNL,Travel + Leisure Co.,72.03,1.5,2.13%,71.09,72.53,70.31,511300,2026/1/2
RGA,Reinsurance Group of America Inc,203.44,-0.02,-0.01%,203.28,204.675,201.895,500000,2026/1/2
RLI,Rli Corp,62.48,-1.5,-2.34%,63.53,63.74,62.245,495700,2026/1/2
IDA,Idacorp Inc,127.3,0.74,0.58%,126.41,128.35,125.73,494900,2026/1/2
IEX,Idex Corp,179.06,1.12,0.63%,178.03,179.85,177.2879,493200,2026/1/2
SUI,Sun Communities,122.13,-1.78,-1.44%,123.59,123.59,121.39,492200,2026/1/2
WMS,Advanced Drainage Systems Inc,149.63,4.8,3.31%,145.04,150.55,144.1975,490300,2026/1/2
AMP,Ameriprise Financial Services,493.77,3.43,0.70%,490,494.745,487,487200,2026/1/2
CRL,Charles River Laboratories Intl,202.42,2.94,1.47%,200.13,203,198.565,483400,2026/1/2
BPOP,Popular Inc,125.96,1.44,1.16%,124.52,126.57,123.82,483200,2026/1/2
MKTX,Marketaxess Holdings,178.55,-2.7,-1.49%,180.31,180.31,178.29,482500,2026/1/2
OLED,Universal Display,121.85,5.07,4.34%,119.23,123.38,119.23,482000,2026/1/2
MLM,Martin Marietta Materials,634.44,11.78,1.89%,619.25,635.2,617.08,480200,2026/1/2
NOC,Northrop Grumman Corp,585.66,15.45,2.71%,569.59,585.85,564.5,477400,2026/1/2
CBOE,CBOE Global Markets Inc,248.11,-2.89,-1.15%,250.95,251.43,247.33,475600,2026/1/2
PB,Prosperity Bancshares,69.63,0.52,0.75%,69.2,69.87,68.365,474800,2026/1/2
WCC,Wesco International,252.12,7.48,3.06%,245.85,254.21,245.31,470700,2026/1/2
WAB,Wabtec Corp,216.28,2.83,1.33%,213.62,216.45,213.5,470400,2026/1/2
REGN,Regeneron Pharmaceuticals,776.31,4.44,0.58%,774.25,779.75,765.77,464800,2026/1/2
BFAM,Bright Horizons Family Solutions Inc,99.3,-2.1,-2.07%,100.77,101.035,98.81,462700,2026/1/2
WAT,Waters Corp,381.96,2.13,0.56%,379.15,382.54,373.54,461700,2026/1/2
RL,Ralph Lauren Corp,362.53,8.92,2.52%,355,362.56,354.87,458500,2026/1/2
PODD,Insulet Corp,282.92,-1.32,-0.46%,285.46,286.52,280.18,456700,2026/1/2
CLH,Clean Harbors,243.44,8.96,3.82%,234.18,244.84,233.73,453400,2026/1/2
ASH,Ashland Inc,59.85,1.18,2.01%,59.19,60,58.16,445300,2026/1/2
IDXX,Idexx Laboratories,669.99,-6.54,-0.97%,676.53,678.89,661.89,442900,2026/1/2
LEA,Lear Corp,118.61,4.01,3.50%,115.46,119.29,114.91,442900,2026/1/2
FAF,First American Corp,61.08,-0.36,-0.59%,61.3,61.6,60.29,442800,2026/1/2
AFG,American Financial Group,134.79,-1.89,-1.38%,136.57,136.68,134.02,439300,2026/1/2
ESAB,Esab Corp,112.57,0.85,0.76%,111.92,114.325,111.435,437400,2026/1/2
IPGP,Ipg Photonics Corp,74.84,3.24,4.53%,72.87,75.63,72.6,427600,2026/1/2
AWI,Armstrong World Industries Inc,196.85,5.75,3.01%,190.92,196.91,189.08,425600,2026/1/2
MORN,Morningstar Inc,210.42,-6.89,-3.17%,216.11,218.7,209.41,415500,2026/1/2
MCK,Mckesson Corp,823.44,3.15,0.38%,818,826.195,810.48,414900,2026/1/2
EG,Everest Re Group,334.48,-4.87,-1.44%,338.18,339.9182,333.6,411400,2026/1/2
MSCI,MSCI Inc,565.25,-8.48,-1.48%,571.57,574.775,562.285,408900,2026/1/2
COLM,Columbia Sprtswr,56.03,0.94,1.71%,55.61,56.11,54.99,407600,2026/1/2
HII,Huntington Ingalls Industries,349.75,9.68,2.85%,340.07,349.96,336,402900,2026/1/2
INGM,Ingram Micro Holding Corp,21.31,-0.03,-0.14%,21.49,21.71,21.01,400200,2026/1/2
CNA,CNA Financial Corp,46.87,-0.87,-1.82%,47.62,47.62,46.52,399900,2026/1/2
WTW,Willis Towers Watson Public Ltd,326.27,-2.33,-0.71%,327.47,328.17,323.75,399800,2026/1/2
LH,Laboratory Corp of America Holdings,251.66,0.78,0.31%,251.31,252.37,249.39,399200,2026/1/2
DPZ,Domino's Pizza Inc,425.28,8.46,2.03%,416.7,425.41,416,398200,2026/1/2
FIX,Comfort Systems USA,1003.64,70.35,7.54%,938.4,1004.96,938.4,395900,2026/1/2
ALLE,Allegion Plc,160.91,1.69,1.06%,159.23,161.57,158.625,393900,2026/1/2
LSTR,Landstar System,146.78,3.08,2.14%,143.87,146.96,141.26,392600,2026/1/2
PAG,Penske Automotive Group,158.16,-0.13,-0.08%,159.01,159.01,155.5,390000,2026/1/2
TPL,Texas Pacific Land Trust,297.97,10.75,3.74%,286,298.27,280.95,389000,2026/1/2
HHH,Howard Hughes Holdings Inc,78.81,-0.96,-1.20%,79.74,79.74,78.6,382200,2026/1/2
SBAC,SBA Communications,192.48,-0.95,-0.49%,192.19,193.87,191.1,380700,2026/1/2
DTM,Dt Midstream Inc,120.99,1.31,1.09%,119.38,121.165,118.48,377100,2026/1/2
SAIC,Science Applications International,101.22,0.56,0.56%,100.67,102.24,100,374600,2026/1/2
LOPE,Grand Canyon Educati,165.39,-0.92,-0.55%,165.98,166.57,163.45,369600,2026/1/2
THO,Thor Industries,105.43,2.76,2.69%,103.37,105.875,102.5517,363100,2026/1/2
MSA,Msa Safety Inc,162.24,2.1,1.31%,160.23,163.26,159.67,361100,2026/1/2
HLNE,Hamilton Lane Inc Cl A,136.66,2.35,1.75%,135,138.12,134.26,354900,2026/1/2
TYL,Tyler Technologies,435.83,-18.12,-3.99%,450.63,451.74,431.68,353600,2026/1/2
AIZ,Assurant Inc,237.72,-3.13,-1.30%,239.63,240.85,235.25,348900,2026/1/2
KEX,Kirby Corp,111.9,1.72,1.56%,110.7,112.15,110.53,343800,2026/1/2
ARW,Arrow Electronics,113.04,2.86,2.60%,111.19,113.53,110.61,336200,2026/1/2
PEN,Penumbra Inc,309.42,-1.49,-0.48%,310.72,314.27,302.19,330200,2026/1/2
AYI,Acuity Inc,373.33,13.29,3.69%,363.29,373.34,360.3,329000,2026/1/2
CSL,Carlisle Companies Inc,328.47,8.61,2.69%,320.41,331.02,319.082,322200,2026/1/2
HEI,Heico Corp,329.31,5.72,1.77%,323.22,329.75,320.18,320300,2026/1/2
AGO,Assured Guaranty Ltd,88.74,-1.13,-1.26%,89.7,89.7,88.48,315600,2026/1/2
CFR,Cullen/Frost Bankers,128.17,1.54,1.22%,126.48,128.635,125.0275,312700,2026/1/2
WTFC,Wintrust Financial Corp,142.66,2.84,2.03%,139.61,143.68,139.02,308400,2026/1/2
NDSN,Nordson Corp,241.03,0.6,0.25%,241.18,241.92,239.25,305200,2026/1/2
PH,Parker-Hannifin Corp,893.98,15.02,1.71%,881.61,894.65,876.02,300400,2026/1/2
EGP,Eastgroup Properties,179.9,1.76,0.99%,177.45,179.96,176.7,298100,2026/1/2
WEX,Wex Inc,148.39,-0.59,-0.40%,149.54,150.3025,146.87,295900,2026/1/2
ATR,Aptargroup,122.54,0.58,0.48%,121.74,123,120.78,295000,2026/1/2
WSO,Watsco Inc,347.33,10.38,3.08%,338.77,351.1,336.955,292400,2026/1/2
CAR,Avis Budget Group,128.22,-0.1,-0.08%,128.69,130.72,127.86,287300,2026/1/2
EME,Emcor Group,638.65,26.86,4.39%,616.48,640.9999,614.95,286100,2026/1/2
LII,Lennox International,498.91,13.33,2.75%,488.18,499.665,484.93,284800,2026/1/2
JLL,Jones Lang Lasalle Inc,335.84,-0.63,-0.19%,336.43,337.5,333.13,280900,2026/1/2
TDG,Transdigm Group Inc,1358.55,28.7,2.16%,1329.03,1359.98,1319.75,278700,2026/1/2
CRUS,Cirrus Logic Inc,119.67,1.17,0.99%,120.26,122.03,119.44,276200,2026/1/2
ECG,Everus Construction Group Inc,89.18,3.62,4.23%,86.51,90.54,86.51,273500,2026/1/2
BF.A,Brown Forman Inc Cl A,26.22,-0.09,-0.34%,26.52,26.65,26,273200,2026/1/2
AN,Autonation Inc,206.48,0,0.00%,205.97,207.1199,203.41,271100,2026/1/2
MUSA,Murphy USA Inc,405.33,1.81,0.45%,402.73,408.75,400.14,270500,2026/1/2
THG,The Hanover Insurance Group,179.06,-3.71,-2.03%,181.84,182.18,177.87,258400,2026/1/2
LECO,Lincoln Elec Holdings,243.76,4.12,1.72%,239.63,246.63,239.63,258200,2026/1/2
HEI.A,Heico Corp Cl A,257.25,4.82,1.91%,252.33,257.62,250.63,258000,2026/1/2
SAIA,Saia Inc,337.17,10.65,3.26%,327.01,337.53,323.08,257800,2026/1/2
UHA.B,U-Haul Holding Series N Non-Voting,46.82,0.08,0.17%,46.9,47.333,46.44,256500,2026/1/2
FICO,Fair Isaac and Company,1643.27,-47.35,-2.80%,1691.03,1691.03,1603.37,248100,2026/1/2
NXST,Nexstar Media Group Inc,208.84,5.79,2.85%,203.19,209.5,202,241200,2026/1/2
BOKF,Bok Financial Corp,118.68,0.22,0.19%,118.95,119.7,117.5,237500,2026/1/2
LLYVK,Liberty Live Holdings Inc Series C,84.16,1,1.20%,82.57,84.63,82.28,236500,2026/1/2
GWW,W.W. Grainger,1003.81,-5.24,-0.52%,1007.28,1013.91,997.25,222900,2026/1/2
SNA,Snap-On Inc,350.95,6.35,1.84%,344.55,351.11,342.34,219800,2026/1/2
RS,Reliance Inc,295.82,6.95,2.41%,290.83,297.15,287.95,216800,2026/1/2
SSD,Simpson Manufacturing Company,164.72,3.54,2.20%,162.5,166.34,161.4347,213100,2026/1/2
R,Ryder System,194.18,2.79,1.46%,191.32,194.66,190.4138,208000,2026/1/2
CWE.A,Clearway Energy Inc [Cwen.A],32.12,0.7,2.23%,31.62,32.33,31.5025,207400,2026/1/2
LAD,Lithia Motors,332.29,-0.04,-0.01%,334.08,334.08,328.295,206000,2026/1/2
APPF,Appfolio Cl A,230.37,-2.28,-0.98%,232.44,233.49,225.24,203900,2026/1/2
CR,Crane Company,187.53,3.1,1.68%,183.91,188.36,183.16,201500,2026/1/2
PRI,Primerica Inc,258.73,0.37,0.14%,257.59,260.785,256.055,191600,2026/1/2
UHAL,U-Haul Holding Company,50.55,0.14,0.28%,50.55,51.1,50.11,185700,2026/1/2
TDY,Teledyne Technologies Inc,518.77,8.04,1.57%,513,519.42,510.73,184400,2026/1/2
CASY,Casey's General Stor,556.26,3.55,0.64%,551.83,559.71,551.41,184100,2026/1/2
CACC,Credit Acceptance,453.92,10.46,2.36%,444.41,454.57,439.23,182700,2026/1/2
AIT,Applied Industrial Technologies,259.63,2.86,1.11%,258.87,261.215,255.25,177400,2026/1/2
AZO,Autozone,3303.8201,-87.6799,-2.59%,3375.3101,3384.25,3285.1599,175300,2026/1/2
EVR,Evercore Partners Inc,351.27,11.02,3.24%,341.04,352.11,341.04,175000,2026/1/2
LLYVA,Liberty Live Holdings Inc Series A,82.48,0.98,1.20%,81.87,82.72,81.51,172900,2026/1/2
CACI,Caci International,537.41,4.6,0.86%,533.5,541.6156,529.7018,171500,2026/1/2
BKNG,Booking Holdings Inc,5323.2,-32.13,-0.60%,5356.79,5358.56,5251.32,169900,2026/1/2
FCN,Fti Consulting,170.28,-0.55,-0.32%,169.87,170.75,167.5,165100,2026/1/2
CW,Curtiss-Wright Corp,572.38,21.11,3.83%,554.6,574.56,553.2,162400,2026/1/2
BLD,Topbuild Corp,431.45,14.26,3.42%,419.15,432.005,415,162000,2026/1/2
KNSL,Kinsale Capital Group Inc,392.46,1.34,0.34%,391,393.22,386.05,160200,2026/1/2
RBC,RBC Bearings Inc,458.79,10.36,2.31%,449.53,458.91,447.35,152400,2026/1/2
MSGS,Madison Square Garden Sports Corp,258.86,0.21,0.08%,258.23,260.03,255,143300,2026/1/2
LFUS,Littelfuse Inc,262.54,9.62,3.80%,254.1,265.44,254.1,140400,2026/1/2
NEU,Newmarket Corp,687.75,0.49,0.07%,688.92,695.16,682.28,137600,2026/1/2
BIO,Bio-Rad Laboratories,305.27,2.28,0.75%,303.22,307.31,300.42,137100,2026/1/2
VMI,Valmont Industries,411.71,9.39,2.33%,402.89,411.79,401.24,133400,2026/1/2
MTD,Mettler-Toledo International,1411.39,17.2001,1.23%,1398.87,1413.99,1384.48,131700,2026/1/2
GLIBR,Gci Liberty Sr C,8.49,1.91,29.03%,6.1,9.23,6.09,131100,2025/12/17
MEDP,Medpace Holdings Inc,571.02,9.37,1.67%,558.66,571.03,551,129700,2026/1/2
DDS,Dillard's,636.94,30.6,5.05%,606.34,637.35,602.36,117200,2026/1/2
CHE,Chemed Inc,423.79,-4.07,-0.95%,427.65,432.1076,421.34,116100,2026/1/2
LBRDA,Liberty Broadband Corp Sr A,48.51,0.23,0.48%,48.18,49.85,48.13,114700,2026/1/2
SAM,Boston Beer Company,199.84,4.71,2.41%,195.66,199.84,193.61,110400,2026/1/2
UI,Ubiquiti Networks,566.28,12.93,2.34%,558.88,581,558.88,81100,2026/1/2
FRHC,The Awareness Group,124.23,2.55,2.10%,122,125.4,120.62,79000,2026/1/2
GLIBA,Gci Liberty Inc Series A Gci,35.86,-1.01,-2.74%,37.06,37.06,35.44,74100,2026/1/2
FWONA,Liberty Media Formula One Sr A,89.07,-0.31,-0.35%,89.39,89.67,87.8,71200,2026/1/2
FCNCA,First Citizens Bancs,2158.64,12.46,0.58%,2136.43,2164.84,2118.93,60200,2026/1/2
LEN.B,Lennar Corp Cl B,95.59,0.47,0.49%,95.29,96.28,94.91,57300,2026/1/2
MKL,Markel Corp,2130.3601,-19.2898,-0.90%,2143.3301,2159.9099,2126.3601,49000,2026/1/2
SEB,Seaboard Corp,4423.2402,-21.5796,-0.49%,4428,4510,4369.3389,29200,2026/1/2
WTM,White Mountains Insurance Group,2041.9,-36.13,-1.74%,2083.5601,2089.5,2027.27,23300,2026/1/2
NVR,NVR Inc,7278.8701,-13.8999,-0.19%,7287.27,7388,7240,21500,2026/1/2
